"clf"	"hs"	"mm"
"1"	0	4	10
"2"	10	15	14
"3"	0	8	7
"4"	14	14	9
"5"	0	10	10
"6"	7	8	8
"7"	0	11	7
"8"	9	12	12
"9"	0	6	10
"10"	10	8	5
"11"	0	7	9
"12"	8	14	6
"13"	0	8	11
"14"	7	4	6
"15"	0	7	6
"16"	12	10	4
"17"	0	6	7
"18"	10	2	11
"19"	0	2	5
"20"	5	8	5
"21"	0	9	7
"22"	9	6	9
"23"	0	12	5
"24"	6	7	6
"25"	0	8	1
"26"	11	10	2
"27"	0	6	8
"28"	6	2	6
"29"	0	4	3
"30"	6	8	7
"31"	0	2	3
"32"	4	6	3
"33"	0	2	3
"34"	7	5	2
"35"	0	8	6
"36"	11	5	5
"37"	0	3	4
"38"	5	4	4
"39"	0	5	10
"40"	5	3	10
"41"	0	2	8
"42"	7	8	5
"43"	0	2	5
"44"	9	4	5
"45"	0	2	6
"46"	5	4	6
"47"	0	5	5
"48"	6	7	7
"49"	0	7	5
"50"	1	6	5
"51"	0	6	7
"52"	2	5	4
"53"	0	4	6
"54"	8	8	6
"55"	0	7	4
"56"	6	3	7
"57"	0	7	4
"58"	3	9	5
"59"	0	8	8
"60"	7	6	4
"61"	0	3	6
"62"	3	11	5
"63"	0	4	4
"64"	3	4	7
"65"	0	2	3
"66"	3	6	5
"67"	0	7	5
"68"	2	6	7
"69"	0	3	4
"70"	6	5	7
"71"	0	6	3
"72"	5	2	4
"73"	0	5	5
"74"	4	3	4
"75"	0	3	3
"76"	4	5	6
"77"	0	4	2
"78"	10	4	1
"79"	0	4	5
"80"	10	2	6
"81"	0	6	8
"82"	8	6	5
"83"	0	5	1
"84"	5	3	6
"85"	0	2	3
"86"	5	2	6
"87"	0	9	6
"88"	5	5	5
"89"	0	2	3
"90"	6	5	10
"91"	0	5	1
"92"	6	2	4
"93"	0	6	6
"94"	5	4	6
"95"	0	0	4
"96"	7	4	2
"97"	0	5	2
"98"	5	4	7
"99"	0	7	2
"100"	5	0	3
"101"	0	2	1
"102"	7	5	1
"103"	0	2	7
"104"	4	1	7
"105"	0	5	6
"106"	6	1	3
"107"	0	4	5
"108"	6	1	5
"109"	0	5	9
"110"	4	4	6
"111"	0	2	6
"112"	7	5	4
"113"	0	3	3
"114"	4	4	6
"115"	0	2	4
"116"	5	7	3
"117"	0	7	4
"118"	8	3	8
"119"	0	4	6
"120"	4	5	1
"121"	0	9	5
"122"	6	2	7
"123"	0	4	5
"124"	5	8	9
"125"	0	2	2
"126"	4	3	2
"127"	0	6	11
"128"	7	8	3
"129"	0	3	4
"130"	3	5	3
"131"	0	6	4
"132"	5	2	5
"133"	0	4	5
"134"	5	3	2
"135"	0	7	5
"136"	7	3	5
"137"	0	0	7
"138"	4	3	3
"139"	0	4	3
"140"	7	2	3
"141"	0	2	4
"142"	3	5	5
"143"	0	9	7
"144"	4	5	7
"145"	0	6	3
"146"	5	0	5
"147"	0	6	2
"148"	4	4	10
"149"	0	5	4
"150"	3	3	6
"151"	0	4	7
"152"	6	5	6
"153"	0	2	5
"154"	2	3	1
"155"	0	6	10
"156"	1	3	8
"157"	0	3	4
"158"	5	3	6
"159"	0	6	7
"160"	6	5	3
"161"	0	1	2
"162"	8	1	6
"163"	0	4	5
"164"	5	0	3
"165"	0	3	1
"166"	1	1	5
"167"	0	1	3
"168"	6	5	5
"169"	0	1	4
"170"	3	3	7
"171"	0	1	7
"172"	6	0	4
"173"	0	4	4
"174"	6	3	2
"175"	0	5	4
"176"	5	2	3
"177"	0	4	5
"178"	3	3	4
"179"	0	3	5
"180"	10	3	2
"181"	0	6	7
"182"	1	2	2
"183"	0	3	4
"184"	4	1	8
"185"	0	2	2
"186"	6	4	3
"187"	0	3	4
"188"	6	2	5
"189"	0	2	6
"190"	4	4	2
"191"	0	1	4
"192"	2	3	3
"193"	0	3	5
"194"	2	2	3
"195"	0	1	3
"196"	7	2	5
"197"	0	0	4
"198"	2	6	6
"199"	0	4	10
"200"	3	3	3
"201"	0	1	2
"202"	1	2	2
"203"	0	1	7
"204"	1	4	3
"205"	0	4	3
"206"	7	2	5
"207"	0	1	4
"208"	7	2	4
"209"	0	3	10
"210"	6	2	0
"211"	0	2	2
"212"	3	1	8
"213"	0	2	2
"214"	5	3	5
"215"	0	5	1
"216"	5	1	6
"217"	0	4	5
"218"	9	2	5
"219"	0	3	7
"220"	6	3	5
"221"	0	1	1
"222"	6	3	9
"223"	0	2	7
"224"	4	3	3
"225"	0	0	3
"226"	3	2	2
"227"	0	4	1
"228"	6	2	2
"229"	0	5	2
"230"	4	2	3
"231"	0	4	6
"232"	3	3	6
"233"	0	0	8
"234"	4	1	3
"235"	0	3	1
"236"	8	3	5
"237"	0	6	4
"238"	6	3	4
"239"	0	3	2
"240"	1	3	7
"241"	0	5	3
"242"	5	2	8
"243"	0	3	3
"244"	7	3	4
"245"	0	4	2
"246"	5	2	1
"247"	0	3	7
"248"	9	5	2
"249"	0	5	3
"250"	2	3	3
"251"	0	5	6
"252"	2	4	4
"253"	0	4	5
"254"	11	2	3
"255"	0	3	4
"256"	3	3	5
"257"	0	3	2
"258"	4	4	4
"259"	0	1	6
"260"	3	4	6
"261"	0	3	7
"262"	4	6	3
"263"	0	4	7
"264"	5	4	3
"265"	0	7	8
"266"	5	1	4
"267"	0	3	3
"268"	2	2	4
"269"	0	4	3
"270"	5	3	4
"271"	0	3	2
"272"	5	3	4
"273"	0	3	5
"274"	7	2	1
"275"	0	4	2
"276"	3	8	4
"277"	0	0	3
"278"	3	5	4
"279"	0	0	6
"280"	3	2	8
"281"	0	2	2
"282"	4	4	4
"283"	0	3	5
"284"	5	7	3
"285"	0	0	2
"286"	7	3	1
"287"	0	3	6
"288"	7	1	0
"289"	0	3	4
"290"	3	4	1
"291"	0	1	3
"292"	5	1	6
"293"	0	2	6
"294"	2	3	4
"295"	0	5	5
"296"	10	5	6
"297"	0	3	1
"298"	4	2	1
"299"	0	5	5
"300"	6	4	2
"301"	0	4	1
"302"	7	3	3
"303"	0	7	1
"304"	6	3	4
"305"	0	2	4
"306"	5	5	2
"307"	0	1	2
"308"	1	1	1
"309"	0	4	5
"310"	10	1	1
"311"	0	3	4
"312"	8	2	5
"313"	0	4	6
"314"	4	3	8
"315"	0	2	2
"316"	6	3	5
"317"	0	6	4
"318"	7	5	2
"319"	0	3	5
"320"	3	2	5
"321"	0	0	2
"322"	2	0	6
"323"	0	3	2
"324"	6	4	3
"325"	0	3	6
"326"	5	6	4
"327"	0	4	3
"328"	3	1	2
"329"	0	3	2
"330"	1	4	1
"331"	0	4	3
"332"	5	4	3
"333"	0	3	0
"334"	3	5	7
"335"	0	5	1
"336"	5	3	2
"337"	0	4	4
"338"	4	2	2
"339"	0	2	4
"340"	7	3	2
"341"	0	2	8
"342"	7	5	1
"343"	0	5	5
"344"	4	2	5
"345"	0	2	1
"346"	4	5	4
"347"	0	4	1
"348"	2	2	5
"349"	0	2	3
"350"	4	5	5
"351"	0	1	4
"352"	3	5	3
"353"	0	2	5
"354"	5	3	3
"355"	0	1	6
"356"	4	4	6
"357"	0	0	5
"358"	5	3	2
"359"	0	3	6
"360"	2	3	2
"361"	0	3	7
"362"	7	0	4
"363"	0	2	7
"364"	2	1	3
"365"	0	6	3
"366"	4	7	2
"367"	0	3	1
"368"	8	1	7
"369"	0	3	3
"370"	2	2	4
"371"	0	1	0
"372"	3	4	2
"373"	0	2	4
"374"	4	4	2
"375"	0	9	7
"376"	5	1	2
"377"	0	8	4
"378"	6	3	6
"379"	0	3	0
"380"	2	2	2
"381"	0	1	3
"382"	4	4	1
"383"	0	4	2
"384"	3	0	3
"385"	0	2	6
"386"	5	2	5
"387"	0	3	2
"388"	3	1	1
"389"	0	4	4
"390"	3	3	1
"391"	0	2	1
"392"	5	1	2
"393"	0	3	7
"394"	4	3	3
"395"	0	6	1
"396"	6	3	2
"397"	0	0	3
"398"	10	3	4
"399"	0	4	3
"400"	3	3	4
"401"	0	4	3
"402"	2	0	6
"403"	0	3	1
"404"	2	2	2
"405"	0	4	3
"406"	7	5	4
"407"	0	4	0
"408"	3	2	3
"409"	0	7	5
"410"	3	6	3
"411"	0	4	6
"412"	5	3	2
"413"	0	1	0
"414"	4	2	4
"415"	0	2	2
"416"	4	7	1
"417"	0	4	2
"418"	10	4	5
"419"	0	5	2
"420"	0	1	0
"421"	0	1	4
"422"	2	0	1
"423"	0	4	0
"424"	8	5	4
"425"	0	1	2
"426"	2	3	3
"427"	0	3	1
"428"	5	1	5
"429"	0	6	0
"430"	1	2	8
"431"	0	2	1
"432"	6	3	2
"433"	0	8	2
"434"	5	2	2
"435"	0	0	1
"436"	5	5	2
"437"	0	2	3
"438"	7	4	4
"439"	0	4	3
"440"	5	4	2
"441"	0	6	4
"442"	1	6	3
"443"	0	3	4
"444"	9	2	3
"445"	0	2	4
"446"	7	2	1
"447"	0	3	2
"448"	3	0	0
"449"	0	4	2
"450"	3	5	1
"451"	0	0	1
"452"	2	3	2
"453"	0	4	3
"454"	1	2	0
"455"	0	1	5
"456"	2	3	3
"457"	0	3	0
"458"	2	0	4
"459"	0	5	2
"460"	3	1	5
"461"	0	1	1
"462"	6	3	3
"463"	0	2	2
"464"	6	3	3
"465"	0	3	1
"466"	8	0	5
"467"	0	1	2
"468"	3	2	1
"469"	0	1	5
"470"	1	1	3
"471"	0	1	1
"472"	5	3	1
"473"	0	5	2
"474"	4	3	3
"475"	0	2	0
"476"	4	0	2
"477"	0	1	2
"478"	2	3	1
"479"	0	2	3
"480"	7	1	1
"481"	0	4	2
"482"	3	1	3
"483"	0	3	2
"484"	8	2	3
"485"	0	3	2
"486"	3	1	5
"487"	0	2	3
"488"	4	4	0
"489"	0	3	6
"490"	2	4	2
"491"	0	4	3
"492"	1	4	5
"493"	0	1	4
"494"	7	2	5
"495"	0	2	3
"496"	2	2	2
"497"	0	1	1
"498"	3	0	3
"499"	0	1	3
"500"	3	1	2
"501"	0	1	3
"502"	6	0	1
"503"	0	6	3
"504"	4	4	5
"505"	0	1	5
"506"	5	1	4
"507"	0	6	5
"508"	3	3	3
"509"	0	1	3
"510"	4	0	2
"511"	0	2	2
"512"	5	0	2
"513"	0	1	2
"514"	2	3	4
"515"	0	3	4
"516"	4	1	3
"517"	0	2	2
"518"	6	5	3
"519"	0	0	1
"520"	6	2	0
"521"	0	1	1
"522"	7	2	3
"523"	0	2	3
"524"	3	4	4
"525"	0	1	2
"526"	7	4	1
"527"	0	4	1
"528"	3	2	2
"529"	0	3	2
"530"	8	0	1
"531"	0	1	4
"532"	4	4	4
"533"	0	2	2
"534"	3	1	3
"535"	0	3	2
"536"	4	3	2
"537"	0	2	1
"538"	3	4	1
"539"	0	2	1
"540"	4	4	3
"541"	0	3	2
"542"	2	2	4
"543"	0	3	1
"544"	4	1	3
"545"	0	2	1
"546"	5	2	2
"547"	0	1	3
"548"	1	2	2
"549"	0	1	3
"550"	2	2	3
"551"	0	3	3
"552"	4	2	5
"553"	0	1	4
"554"	3	3	1
"555"	0	3	0
"556"	4	2	1
"557"	0	1	3
"558"	6	1	0
"559"	0	2	3
"560"	8	2	3
"561"	0	0	2
"562"	2	0	1
"563"	0	1	2
"564"	4	2	3
"565"	0	2	1
"566"	5	4	1
"567"	0	3	1
"568"	3	1	1
"569"	0	1	1
"570"	2	2	4
"571"	0	3	3
"572"	1	1	4
"573"	0	3	4
"574"	6	4	5
"575"	0	0	3
"576"	0	0	2
"577"	0	1	5
"578"	4	2	3
"579"	0	1	1
"580"	1	1	2
"581"	0	1	2
"582"	3	1	1
"583"	0	1	1
"584"	6	2	1
"585"	0	2	1
"586"	6	1	0
"587"	0	1	1
"588"	4	1	0
"589"	0	1	1
"590"	5	3	1
"591"	0	3	2
"592"	6	1	3
"593"	0	3	1
"594"	1	1	0
"595"	0	1	4
"596"	1	3	4
"597"	0	1	0
"598"	5	0	0
"599"	0	1	3
"600"	2	3	0
"601"	0	0	2
"602"	1	6	1
"603"	0	0	2
"604"	3	0	2
"605"	0	2	1
"606"	1	4	3
"607"	0	4	1
"608"	4	1	3
"609"	0	3	1
"610"	4	0	1
"612"	2	2	0
"613"	0	2	0
"614"	2	0	3
"615"	0	5	1
"616"	1	4	1
"617"	0	2	2
"618"	5	1	4
"619"	0	2	1
"620"	1	5	1
"621"	0	2	1
"622"	4	2	1
"623"	0	1	2
"624"	5	3	1
"625"	0	3	2
"626"	6	2	2
"627"	0	4	6
"628"	8	0	0
"629"	0	2	3
"630"	2	0	3
"631"	0	1	1
"632"	5	2	0
"633"	0	1	2
"634"	4	1	1
"635"	0	4	3
"636"	2	1	3
"637"	0	3	2
"638"	5	4	6
"639"	0	1	1
"640"	5	2	3
"641"	0	2	1
"642"	2	7	0
"643"	0	2	1
"644"	6	3	0
"645"	0	1	1
"646"	2	1	0
"647"	0	1	1
"648"	3	2	1
"649"	0	1	1
"650"	6	0	0
"651"	0	0	2
"652"	4	2	0
"653"	0	2	4
"654"	3	2	0
"655"	0	3	3
"656"	2	2	3
"657"	0	1	3
"658"	2	1	2
"659"	0	1	0
"660"	1	1	1
"661"	0	2	0
"662"	3	1	2
"663"	0	3	3
"664"	3	2	3
"665"	0	2	1
"666"	0	1	1
"667"	0	2	1
"668"	7	2	1
"669"	0	3	0
"670"	1	1	3
"671"	0	4	1
"672"	2	2	1
"673"	0	1	0
"674"	4	2	3
"675"	0	1	3
"676"	2	2	3
"677"	0	0	4
"678"	4	1	4
"679"	0	0	5
"680"	2	2	1
"682"	8	1	2
"683"	0	1	1
"684"	1	1	3
"685"	0	1	1
"686"	5	1	3
"687"	0	4	0
"688"	5	3	2
"689"	0	0	3
"690"	1	7	8
"691"	0	0	1
"692"	4	1	1
"693"	0	2	1
"694"	1	5	5
"695"	0	1	0
"696"	5	3	1
"698"	3	1	0
"699"	0	2	2
"700"	5	0	2
"701"	0	0	1
"702"	4	2	0
"703"	0	1	1
"704"	3	2	1
"705"	0	1	1
"706"	5	3	2
"707"	0	1	0
"708"	3	1	1
"709"	0	1	1
"710"	6	0	1
"711"	0	1	3
"712"	6	1	3
"713"	0	2	2
"714"	5	1	1
"715"	0	2	0
"716"	2	3	4
"718"	6	1	2
"719"	0	1	0
"720"	2	0	1
"721"	0	3	1
"722"	7	6	1
"723"	0	1	2
"724"	4	2	0
"725"	0	2	1
"726"	7	2	1
"727"	0	1	3
"728"	3	1	1
"729"	0	1	2
"730"	3	2	3
"731"	0	4	3
"732"	2	1	3
"733"	0	2	3
"734"	1	2	1
"735"	0	2	1
"736"	7	2	0
"737"	0	2	2
"738"	3	3	2
"739"	0	2	3
"740"	4	2	2
"741"	0	1	4
"742"	0	3	2
"743"	0	2	0
"744"	2	3	1
"745"	0	0	2
"746"	4	0	1
"747"	0	3	0
"748"	2	1	1
"749"	0	5	1
"750"	7	2	0
"751"	0	1	3
"752"	2	1	5
"753"	0	3	2
"754"	4	4	1
"755"	0	2	1
"756"	6	3	2
"757"	0	1	3
"758"	0	2	0
"759"	0	0	1
"760"	2	1	1
"761"	0	2	0
"762"	3	3	2
"763"	0	4	1
"764"	1	0	1
"765"	0	1	2
"766"	2	4	2
"767"	0	1	0
"768"	3	2	0
"769"	0	1	1
"770"	6	1	2
"771"	0	0	1
"772"	5	1	0
"773"	0	1	1
"774"	2	1	4
"775"	0	1	2
"776"	1	1	0
"777"	0	3	0
"778"	4	0	2
"779"	0	0	1
"780"	1	2	3
"781"	0	1	2
"782"	1	2	2
"783"	0	0	2
"784"	2	1	3
"785"	0	1	1
"786"	7	2	3
"787"	0	1	2
"788"	3	2	2
"789"	0	2	1
"790"	1	1	7
"791"	0	2	0
"792"	2	0	3
"794"	3	0	2
"795"	0	2	0
"796"	4	2	1
"797"	0	1	1
"798"	3	1	0
"799"	0	2	2
"800"	4	0	2
"801"	0	1	1
"802"	3	1	0
"803"	0	0	1
"804"	6	2	3
"805"	0	2	2
"806"	1	1	0
"807"	0	1	1
"808"	2	0	2
"809"	0	5	3
"810"	3	2	0
"811"	0	2	3
"812"	4	4	1
"813"	0	0	2
"814"	0	1	0
"815"	0	3	2
"816"	3	2	0
"817"	0	0	1
"818"	5	0	0
"819"	0	1	1
"820"	3	0	0
"821"	0	3	1
"822"	6	3	1
"823"	0	2	1
"824"	2	0	0
"825"	0	2	1
"826"	0	0	2
"827"	0	0	2
"828"	4	1	1
"829"	0	3	1
"830"	2	2	0
"831"	0	1	3
"832"	1	2	1
"833"	0	2	3
"834"	2	1	2
"835"	0	3	0
"836"	5	2	1
"837"	0	0	1
"838"	2	0	1
"839"	0	0	2
"840"	0	0	2
"841"	0	2	1
"842"	4	3	2
"843"	0	3	1
"844"	1	0	1
"845"	0	0	3
"846"	0	1	2
"847"	0	1	1
"848"	4	4	2
"850"	2	1	1
"851"	0	3	0
"852"	3	1	1
"853"	0	1	0
"854"	1	1	1
"856"	5	1	1
"857"	0	1	0
"858"	0	1	1
"859"	0	3	2
"860"	8	1	3
"861"	0	1	1
"862"	1	3	1
"863"	0	0	1
"864"	2	1	1
"865"	0	3	3
"866"	2	2	0
"867"	0	2	3
"868"	2	2	1
"869"	0	2	0
"870"	1	3	0
"872"	2	1	2
"873"	0	1	0
"874"	3	0	1
"875"	0	2	2
"876"	4	1	1
"877"	0	3	0
"878"	3	1	0
"879"	0	1	1
"880"	2	3	2
"881"	0	2	0
"882"	4	2	0
"883"	0	1	1
"884"	3	1	1
"885"	0	1	1
"886"	4	0	2
"887"	0	0	1
"888"	3	1	2
"889"	0	1	0
"890"	4	0	1
"891"	0	1	0
"892"	1	2	3
"893"	0	2	0
"894"	2	0	2
"896"	0	2	1
"897"	0	0	2
"898"	2	1	2
"899"	0	0	2
"900"	1	3	0
"901"	0	3	0
"902"	1	3	0
"903"	0	1	1
"904"	2	0	2
"905"	0	1	2
"906"	3	1	2
"908"	0	1	1
"909"	0	1	1
"910"	5	2	1
"911"	0	3	1
"912"	3	0	0
"913"	0	2	0
"914"	0	3	2
"915"	0	0	2
"916"	4	0	2
"918"	2	0	0
"919"	0	1	0
"920"	5	3	0
"921"	0	3	0
"922"	1	1	2
"924"	3	3	2
"925"	0	0	1
"926"	2	1	0
"927"	0	2	0
"928"	3	2	1
"929"	0	3	0
"930"	1	5	0
"931"	0	1	0
"932"	5	1	0
"933"	0	2	0
"934"	2	4	0
"935"	0	1	2
"936"	1	0	2
"937"	0	0	2
"938"	5	0	2
"939"	0	1	1
"940"	3	0	2
"941"	0	2	2
"942"	1	3	1
"943"	0	1	1
"944"	1	0	0
"945"	0	1	0
"946"	2	1	0
"948"	3	0	0
"949"	0	2	0
"950"	0	2	2
"951"	0	0	1
"952"	2	2	0
"954"	2	2	2
"955"	0	0	1
"956"	1	2	0
"957"	0	1	2
"958"	3	1	0
"959"	0	1	0
"960"	1	0	1
"961"	0	3	1
"962"	2	1	0
"963"	0	2	1
"964"	3	0	2
"965"	0	1	0
"966"	2	1	0
"967"	0	0	1
"968"	3	0	0
"969"	0	2	0
"970"	2	2	0
"971"	0	1	0
"972"	5	2	4
"973"	0	0	1
"974"	3	2	0
"975"	0	0	1
"976"	0	2	2
"977"	0	2	1
"978"	6	0	0
"980"	2	1	3
"981"	0	1	0
"982"	3	0	1
"983"	0	1	1
"984"	5	1	2
"985"	0	1	1
"986"	4	4	3
"987"	0	0	1
"988"	5	1	0
"989"	0	1	1
"990"	3	2	0
"992"	2	2	0
"994"	1	2	0
"995"	0	2	0
"996"	3	3	0
"997"	0	0	2
"998"	3	4	1
"1000"	2	1	0
"1001"	0	0	1
"1002"	3	0	1
"1003"	0	0	1
"1004"	1	1	2
"1005"	0	1	1
"1006"	3	2	0
"1007"	0	1	1
"1008"	5	2	0
"1009"	0	2	0
"1010"	5	1	1
"1012"	4	2	2
"1013"	0	0	1
"1014"	5	3	0
"1015"	0	0	1
"1016"	3	1	1
"1017"	0	1	0
"1018"	3	1	0
"1019"	0	1	0
"1020"	2	0	2
"1021"	0	3	1
"1022"	2	1	0
"1023"	0	0	1
"1024"	2	1	1
"1025"	0	4	3
"1026"	2	0	0
"1027"	0	1	1
"1028"	4	3	0
"1029"	0	2	1
"1030"	4	1	0
"1031"	0	1	0
"1032"	3	0	1
"1033"	0	0	2
"1034"	2	3	0
"1035"	0	1	1
"1036"	3	3	0
"1037"	0	2	0
"1038"	1	1	2
"1039"	0	1	1
"1040"	0	1	3
"1041"	0	1	3
"1042"	1	2	0
"1044"	3	0	0
"1046"	3	1	0
"1047"	0	4	0
"1048"	4	0	1
"1050"	2	2	1
"1051"	0	0	2
"1052"	1	1	1
"1053"	0	0	1
"1054"	1	2	0
"1055"	0	1	0
"1056"	2	0	0
"1057"	0	1	1
"1058"	2	3	0
"1059"	0	4	0
"1060"	1	0	4
"1061"	0	3	1
"1062"	4	1	1
"1063"	0	1	1
"1064"	4	1	0
"1065"	0	0	1
"1066"	2	2	2
"1067"	0	0	2
"1068"	3	0	0
"1070"	2	3	0
"1071"	0	0	1
"1072"	2	1	1
"1073"	0	2	1
"1074"	1	1	3
"1076"	1	2	1
"1077"	0	2	1
"1078"	1	1	1
"1079"	0	1	0
"1080"	3	0	0
"1081"	0	0	2
"1082"	2	1	2
"1083"	0	1	0
"1084"	4	0	1
"1085"	0	3	0
"1086"	1	3	1
"1087"	0	1	1
"1088"	3	0	0
"1089"	0	0	2
"1090"	1	0	0
"1092"	2	0	2
"1093"	0	2	0
"1094"	3	4	0
"1096"	2	1	1
"1097"	0	1	1
"1098"	3	0	0
"1100"	3	1	1
"1101"	0	0	1
"1102"	3	1	1
"1103"	0	2	0
"1104"	5	0	2
"1106"	4	0	1
"1107"	0	1	1
"1108"	1	0	1
"1109"	0	1	0
"1111"	0	4	1
"1112"	1	0	2
"1114"	3	0	2
"1115"	0	0	1
"1116"	0	1	1
"1117"	0	1	3
"1118"	3	1	1
"1119"	0	1	1
"1120"	3	0	1
"1121"	0	2	0
"1122"	2	1	1
"1123"	0	2	0
"1124"	1	1	0
"1125"	0	2	1
"1126"	2	1	0
"1127"	0	3	0
"1128"	3	1	0
"1129"	0	0	1
"1130"	1	1	0
"1131"	0	1	2
"1132"	1	1	2
"1134"	1	1	0
"1136"	1	2	3
"1137"	0	1	0
"1138"	1	1	2
"1139"	0	0	2
"1140"	4	1	0
"1141"	0	0	1
"1142"	3	1	2
"1144"	4	1	1
"1145"	0	1	0
"1146"	4	0	1
"1147"	0	2	0
"1148"	5	0	0
"1149"	0	1	1
"1150"	3	2	0
"1151"	0	0	2
"1152"	2	1	1
"1153"	0	0	1
"1154"	5	0	1
"1155"	0	2	0
"1156"	3	1	1
"1157"	0	0	1
"1158"	1	0	1
"1159"	0	0	1
"1160"	2	3	0
"1161"	0	0	1
"1162"	2	0	1
"1163"	0	3	0
"1164"	1	1	0
"1165"	0	3	0
"1166"	1	1	0
"1167"	0	2	1
"1168"	1	1	1
"1169"	0	1	1
"1170"	1	0	1
"1171"	0	2	0
"1172"	0	2	0
"1173"	0	1	2
"1174"	1	0	1
"1175"	0	1	0
"1176"	0	1	1
"1177"	0	0	1
"1178"	1	1	0
"1180"	1	2	0
"1181"	0	1	1
"1182"	2	1	1
"1183"	0	5	0
"1184"	3	0	1
"1185"	0	0	1
"1186"	1	1	2
"1188"	0	3	2
"1190"	4	1	0
"1191"	0	0	1
"1192"	4	1	0
"1193"	0	2	1
"1194"	0	1	1
"1195"	0	1	3
"1196"	0	1	0
"1198"	3	0	0
"1199"	0	0	1
"1200"	0	2	0
"1202"	2	0	0
"1204"	1	1	1
"1205"	0	1	0
"1206"	2	1	0
"1208"	2	1	0
"1209"	0	1	1
"1210"	1	0	0
"1211"	0	0	2
"1212"	3	0	1
"1213"	0	1	1
"1214"	1	0	1
"1215"	0	1	2
"1216"	3	0	0
"1217"	0	3	0
"1218"	1	2	1
"1219"	0	0	1
"1220"	1	1	1
"1221"	0	2	0
"1222"	0	0	3
"1224"	0	1	0
"1226"	0	0	2
"1227"	0	0	1
"1228"	3	3	0
"1229"	0	3	0
"1230"	1	1	0
"1232"	1	0	0
"1233"	0	0	1
"1234"	2	0	1
"1236"	4	1	0
"1238"	1	2	3
"1240"	1	0	0
"1241"	0	0	1
"1242"	1	0	0
"1243"	0	0	1
"1244"	1	1	0
"1245"	0	0	1
"1246"	2	0	0
"1247"	0	0	1
"1248"	1	0	0
"1249"	0	1	1
"1250"	2	0	1
"1251"	0	0	1
"1252"	2	1	1
"1254"	6	0	0
"1255"	0	1	1
"1258"	3	0	1
"1259"	0	1	0
"1260"	3	0	0
"1262"	1	0	1
"1263"	0	1	2
"1264"	0	3	0
"1266"	2	3	0
"1267"	0	0	1
"1268"	1	2	2
"1269"	0	0	1
"1270"	3	0	0
"1272"	3	1	0
"1273"	0	0	1
"1274"	2	0	1
"1276"	6	0	0
"1277"	0	1	1
"1278"	1	1	0
"1279"	0	0	1
"1280"	3	1	2
"1281"	0	1	1
"1282"	1	2	1
"1283"	0	1	1
"1284"	0	1	0
"1285"	0	2	1
"1286"	1	0	0
"1287"	0	2	2
"1289"	0	2	0
"1290"	1	0	2
"1291"	0	1	1
"1292"	0	1	1
"1293"	0	1	0
"1294"	1	0	0
"1296"	1	0	0
"1297"	0	0	3
"1298"	1	0	0
"1300"	0	1	0
"1301"	0	2	2
"1302"	2	2	0
"1303"	0	1	0
"1304"	0	0	1
"1305"	0	0	1
"1306"	4	1	0
"1307"	0	1	2
"1309"	0	0	1
"1310"	3	2	2
"1311"	0	0	1
"1312"	3	1	0
"1313"	0	1	1
"1314"	3	1	1
"1316"	2	0	0
"1317"	0	1	0
"1318"	0	2	2
"1319"	0	1	1
"1320"	1	1	0
"1321"	0	1	1
"1323"	0	1	0
"1324"	2	0	0
"1325"	0	0	2
"1326"	3	1	0
"1328"	3	0	1
"1330"	1	0	0
"1331"	0	1	0
"1332"	1	0	0
"1333"	0	1	0
"1334"	1	0	0
"1335"	0	2	0
"1336"	1	0	1
"1340"	3	1	1
"1341"	0	0	1
"1342"	1	0	0
"1344"	1	2	1
"1346"	0	3	0
"1348"	3	0	1
"1349"	0	0	1
"1350"	3	0	0
"1351"	0	1	0
"1352"	3	0	1
"1353"	0	0	1
"1354"	4	0	0
"1355"	0	1	0
"1356"	4	1	1
"1358"	5	1	1
"1359"	0	1	2
"1360"	1	0	0
"1363"	0	1	0
"1364"	2	0	1
"1365"	0	2	0
"1366"	1	1	0
"1367"	0	1	0
"1368"	3	2	0
"1369"	0	3	0
"1370"	1	0	0
"1371"	0	0	1
"1372"	3	0	0
"1373"	0	1	0
"1374"	0	0	1
"1375"	0	1	0
"1376"	2	1	1
"1378"	3	2	0
"1380"	8	1	0
"1382"	1	0	1
"1383"	0	1	0
"1384"	1	3	1
"1386"	1	0	0
"1388"	5	0	0
"1390"	0	1	1
"1392"	1	2	0
"1394"	0	1	0
"1396"	0	1	0
"1398"	2	1	0
"1400"	2	0	1
"1401"	0	1	1
"1402"	1	0	0
"1403"	0	1	0
"1404"	0	1	0
"1405"	0	0	1
"1406"	1	1	0
"1408"	1	0	1
"1410"	1	1	0
"1411"	0	1	1
"1412"	2	1	0
"1415"	0	3	3
"1416"	1	0	1
"1417"	0	1	0
"1418"	1	2	0
"1420"	1	0	1
"1422"	3	0	1
"1424"	3	0	0
"1425"	0	1	0
"1426"	2	0	0
"1427"	0	0	1
"1428"	1	0	1
"1429"	0	2	0
"1431"	0	1	1
"1432"	4	1	2
"1434"	0	1	1
"1435"	0	0	1
"1436"	2	0	0
"1437"	0	0	1
"1438"	0	1	0
"1440"	1	1	0
"1441"	0	1	0
"1442"	1	0	1
"1444"	1	0	0
"1445"	0	2	1
"1446"	2	0	1
"1447"	0	1	0
"1449"	0	0	1
"1450"	1	0	1
"1451"	0	2	0
"1452"	1	1	0
"1453"	0	0	1
"1454"	3	0	0
"1455"	0	0	4
"1456"	1	0	0
"1458"	2	0	0
"1460"	3	1	0
"1461"	0	0	1
"1462"	3	1	0
"1464"	3	1	0
"1466"	3	2	0
"1468"	1	1	0
"1470"	1	0	0
"1472"	0	0	1
"1474"	2	0	0
"1476"	2	0	0
"1477"	0	1	0
"1478"	3	1	0
"1479"	0	0	2
"1480"	2	0	0
"1482"	4	0	1
"1483"	0	0	1
"1484"	2	1	0
"1486"	0	1	0
"1488"	1	0	0
"1490"	2	0	0
"1491"	0	2	0
"1492"	1	0	1
"1493"	0	0	1
"1494"	0	1	0
"1495"	0	0	1
"1496"	1	0	1
"1497"	0	1	0
"1498"	1	1	0
"1499"	0	0	1
"1500"	0	1	0
"1501"	0	0	1
"1502"	3	1	0
"1503"	0	1	0
"1504"	5	1	0
"1506"	2	0	0
"1507"	0	0	1
"1508"	1	0	1
"1510"	1	0	0
"1511"	0	1	0
"1512"	2	0	0
"1514"	3	0	0
"1516"	0	1	1
"1518"	1	1	1
"1520"	1	0	1
"1523"	0	1	1
"1524"	2	0	1
"1526"	1	1	0
"1528"	1	0	0
"1529"	0	1	1
"1530"	2	1	0
"1531"	0	1	1
"1532"	2	0	0
"1533"	0	0	2
"1536"	0	1	1
"1537"	0	1	0
"1538"	1	0	0
"1539"	0	0	1
"1540"	2	0	0
"1542"	1	0	2
"1543"	0	0	2
"1544"	0	0	1
"1545"	0	1	0
"1546"	1	0	1
"1548"	4	0	0
"1549"	0	1	0
"1550"	2	0	0
"1551"	0	0	1
"1552"	0	0	1
"1553"	0	0	2
"1554"	0	1	1
"1556"	2	0	0
"1557"	0	0	1
"1558"	1	2	0
"1560"	3	1	0
"1562"	2	0	0
"1564"	2	1	0
"1565"	0	0	1
"1566"	2	0	0
"1567"	0	1	0
"1568"	3	0	0
"1569"	0	1	0
"1570"	1	0	1
"1572"	3	0	0
"1574"	2	1	0
"1575"	0	1	1
"1576"	2	0	0
"1578"	1	0	0
"1580"	7	0	0
"1583"	0	0	1
"1584"	3	0	0
"1586"	0	1	0
"1587"	0	1	0
"1588"	2	0	1
"1589"	0	2	0
"1590"	0	0	1
"1592"	1	1	0
"1594"	1	0	1
"1595"	0	2	1
"1596"	0	1	1
"1597"	0	0	2
"1598"	2	0	0
"1599"	0	0	1
"1600"	2	1	0
"1601"	0	1	0
"1602"	1	0	0
"1604"	0	1	0
"1606"	1	0	0
"1607"	0	0	1
"1608"	3	3	0
"1610"	2	2	0
"1612"	0	1	1
"1613"	0	0	1
"1614"	1	1	0
"1616"	2	1	0
"1617"	0	0	1
"1618"	3	0	0
"1622"	3	0	0
"1624"	1	1	0
"1625"	0	1	0
"1626"	2	0	0
"1627"	0	0	1
"1628"	0	0	1
"1630"	2	1	0
"1631"	0	2	1
"1634"	1	1	0
"1635"	0	0	1
"1636"	0	0	1
"1638"	1	0	1
"1639"	0	0	1
"1642"	1	0	0
"1644"	1	0	0
"1645"	0	1	1
"1646"	1	0	0
"1648"	0	1	0
"1649"	0	0	1
"1650"	1	0	0
"1651"	0	0	2
"1652"	2	0	1
"1654"	2	0	0
"1655"	0	0	1
"1656"	1	1	0
"1658"	1	0	0
"1659"	0	1	0
"1660"	0	0	1
"1661"	0	0	1
"1662"	3	0	2
"1664"	1	0	0
"1666"	3	0	0
"1667"	0	1	0
"1668"	2	0	0
"1670"	0	0	2
"1671"	0	2	0
"1672"	1	0	0
"1673"	0	1	0
"1674"	1	0	0
"1676"	1	1	0
"1677"	0	1	0
"1678"	2	0	0
"1679"	0	1	0
"1680"	2	0	0
"1681"	0	0	1
"1682"	1	0	2
"1684"	2	0	0
"1685"	0	1	0
"1686"	1	0	0
"1687"	0	2	1
"1688"	1	0	1
"1689"	0	1	3
"1690"	3	0	2
"1691"	0	0	2
"1692"	2	0	1
"1693"	0	0	1
"1694"	1	1	0
"1695"	0	0	1
"1696"	2	0	0
"1699"	0	0	1
"1700"	1	0	0
"1703"	0	1	0
"1704"	1	0	1
"1705"	0	0	1
"1706"	0	1	1
"1707"	0	0	1
"1708"	1	1	0
"1712"	1	0	0
"1713"	0	3	0
"1714"	0	1	0
"1716"	1	1	0
"1718"	2	0	1
"1720"	3	1	0
"1721"	0	3	0
"1722"	1	0	1
"1723"	0	1	1
"1724"	1	0	0
"1725"	0	1	0
"1726"	1	0	1
"1727"	0	1	2
"1728"	1	0	1
"1730"	3	0	1
"1732"	0	1	1
"1734"	3	0	1
"1736"	1	0	0
"1738"	0	1	1
"1740"	0	3	0
"1743"	0	1	0
"1744"	2	0	0
"1745"	0	1	1
"1747"	0	1	1
"1748"	1	2	1
"1750"	2	0	0
"1752"	1	0	0
"1753"	0	1	0
"1754"	0	1	0
"1755"	0	1	0
"1758"	1	1	0
"1760"	2	1	0
"1763"	0	1	0
"1766"	1	0	0
"1767"	0	2	0
"1768"	1	0	0
"1769"	0	1	0
"1770"	1	0	0
"1772"	2	0	0
"1773"	0	1	0
"1774"	1	1	0
"1775"	0	0	1
"1776"	2	0	0
"1779"	0	0	2
"1780"	1	0	0
"1782"	0	1	1
"1784"	3	0	0
"1787"	0	1	0
"1788"	2	1	0
"1789"	0	1	0
"1791"	0	1	0
"1792"	1	1	0
"1793"	0	1	0
"1794"	2	1	1
"1795"	0	1	0
"1796"	2	1	0
"1798"	2	0	0
"1799"	0	2	0
"1800"	0	1	0
"1801"	0	1	0
"1802"	0	1	0
"1803"	0	1	0
"1806"	1	0	0
"1808"	2	1	0
"1809"	0	2	1
"1810"	2	1	1
"1812"	2	0	0
"1813"	0	1	0
"1814"	0	1	1
"1815"	0	1	0
"1816"	1	0	0
"1817"	0	0	1
"1818"	1	0	0
"1820"	1	0	0
"1822"	1	1	0
"1828"	2	0	0
"1829"	0	0	1
"1830"	2	1	0
"1832"	2	1	0
"1835"	0	0	1
"1840"	0	1	0
"1844"	2	0	0
"1846"	0	0	1
"1848"	2	0	1
"1850"	1	0	0
"1854"	0	0	1
"1856"	1	0	0
"1857"	0	2	0
"1858"	0	0	1
"1862"	0	2	2
"1863"	0	0	1
"1865"	0	0	1
"1867"	0	1	1
"1869"	0	0	1
"1870"	2	0	0
"1871"	0	0	1
"1872"	2	0	0
"1874"	2	0	0
"1875"	0	1	0
"1876"	2	0	0
"1877"	0	0	1
"1878"	1	1	0
"1879"	0	1	0
"1880"	2	1	0
"1882"	2	0	0
"1884"	1	1	0
"1885"	0	1	0
"1886"	1	0	2
"1887"	0	1	1
"1888"	0	1	0
"1889"	0	1	1
"1890"	0	1	0
"1892"	0	0	1
"1893"	0	0	1
"1896"	0	1	1
"1898"	0	1	0
"1900"	2	0	0
"1901"	0	1	0
"1902"	1	0	0
"1905"	0	1	0
"1908"	2	0	0
"1910"	1	0	0
"1913"	0	1	0
"1914"	2	1	0
"1918"	0	0	1
"1919"	0	1	0
"1920"	1	0	0
"1921"	0	1	0
"1922"	1	0	0
"1924"	0	3	1
"1926"	1	1	0
"1928"	2	1	0
"1930"	0	0	1
"1931"	0	0	1
"1932"	0	3	0
"1933"	0	1	0
"1934"	1	1	0
"1936"	0	1	1
"1938"	0	0	1
"1939"	0	0	2
"1944"	4	0	0
"1946"	1	0	0
"1947"	0	1	0
"1949"	0	1	0
"1950"	1	0	1
"1952"	2	0	0
"1954"	1	0	0
"1955"	0	1	0
"1960"	3	0	0
"1963"	0	1	1
"1964"	1	2	0
"1965"	0	1	1
"1966"	1	1	0
"1967"	0	0	1
"1968"	2	0	1
"1970"	1	0	0
"1972"	3	1	0
"1973"	0	1	0
"1974"	1	0	0
"1975"	0	2	0
"1977"	0	1	0
"1978"	1	1	0
"1979"	0	1	0
"1982"	0	2	0
"1989"	0	1	0
"1991"	0	1	0
"1994"	2	1	0
"1995"	0	0	1
"1996"	1	0	0
"1997"	0	1	0
"1998"	0	1	0
"2002"	1	0	0
"2003"	0	0	1
"2004"	1	0	0
"2006"	1	0	0
"2007"	0	1	0
"2008"	2	0	0
"2010"	1	0	0
"2013"	0	1	0
"2014"	1	1	0
"2016"	0	1	0
"2018"	0	1	0
"2019"	0	2	0
"2020"	1	0	0
"2021"	0	1	0
"2022"	0	0	1
"2024"	2	1	0
"2026"	1	0	0
"2027"	0	1	0
"2028"	0	1	0
"2029"	0	1	0
"2030"	1	0	0
"2032"	1	0	0
"2037"	0	1	0
"2040"	2	0	0
"2041"	0	0	1
"2042"	1	0	0
"2046"	1	0	0
"2048"	1	1	0
"2050"	3	1	1
"2054"	1	0	0
"2057"	0	1	1
"2058"	1	2	0
"2059"	0	1	1
"2060"	0	1	0
"2064"	1	0	0
"2066"	2	0	0
"2070"	1	1	0
"2071"	0	1	0
"2072"	0	1	0
"2076"	2	0	0
"2078"	1	0	0
"2080"	3	1	0
"2082"	3	1	1
"2085"	0	1	0
"2088"	0	0	1
"2089"	0	1	0
"2090"	0	0	1
"2093"	0	1	2
"2096"	1	0	0
"2097"	0	1	0
"2100"	1	0	0
"2101"	0	2	0
"2102"	2	0	0
"2104"	1	0	0
"2106"	1	0	0
"2107"	0	1	0
"2108"	0	0	1
"2112"	0	1	0
"2113"	0	1	0
"2114"	1	0	0
"2118"	0	1	1
"2120"	4	1	0
"2122"	1	0	0
"2124"	1	1	0
"2126"	1	0	0
"2129"	0	1	0
"2130"	1	0	0
"2132"	2	0	0
"2133"	0	1	0
"2134"	2	0	1
"2136"	0	2	0
"2138"	0	1	0
"2142"	1	0	0
"2143"	0	1	1
"2144"	1	0	0
"2146"	1	0	0
"2147"	0	1	0
"2148"	3	0	1
"2152"	1	0	0
"2154"	1	0	0
"2155"	0	0	1
"2156"	1	0	0
"2161"	0	1	1
"2162"	2	0	0
"2164"	2	0	0
"2168"	1	0	1
"2171"	0	0	1
"2172"	1	1	0
"2174"	1	0	0
"2177"	0	1	0
"2178"	2	0	0
"2180"	0	0	1
"2183"	0	1	0
"2184"	2	0	0
"2187"	0	0	1
"2191"	0	1	0
"2192"	1	0	0
"2194"	1	0	0
"2196"	0	1	0
"2198"	0	0	2
"2200"	1	0	0
"2201"	0	1	0
"2202"	1	0	0
"2203"	0	0	1
"2204"	1	2	0
"2205"	0	1	0
"2206"	0	0	1
"2208"	2	0	0
"2211"	0	1	0
"2212"	1	0	0
"2213"	0	0	1
"2214"	1	0	0
"2216"	1	0	0
"2222"	1	0	1
"2224"	2	0	0
"2226"	0	0	1
"2228"	2	0	0
"2230"	1	1	0
"2232"	1	0	0
"2234"	3	1	0
"2236"	1	1	0
"2237"	0	1	0
"2238"	1	0	0
"2240"	1	0	0
"2242"	0	1	0
"2244"	1	0	0
"2246"	0	1	0
"2250"	1	0	0
"2256"	0	0	1
"2258"	1	0	0
"2259"	0	2	0
"2262"	2	0	0
"2263"	0	1	0
"2264"	2	1	1
"2269"	0	1	0
"2271"	0	1	0
"2272"	3	0	0
"2276"	2	0	0
"2278"	2	0	0
"2282"	1	1	0
"2284"	2	0	0
"2288"	1	0	0
"2292"	1	0	0
"2293"	0	1	0
"2295"	0	1	0
"2298"	1	1	0
"2302"	2	0	0
"2304"	1	0	0
"2306"	1	0	0
"2308"	1	1	0
"2311"	0	1	0
"2312"	1	0	0
"2313"	0	1	0
"2314"	1	1	0
"2316"	1	0	0
"2318"	1	0	0
"2320"	0	1	1
"2322"	1	1	0
"2324"	1	0	0
"2325"	0	1	0
"2333"	0	1	1
"2334"	1	0	1
"2336"	1	0	0
"2338"	1	1	0
"2340"	1	0	0
"2342"	0	1	0
"2345"	0	1	0
"2346"	2	0	0
"2348"	1	0	0
"2349"	0	1	0
"2352"	1	0	0
"2354"	1	0	0
"2358"	0	1	0
"2362"	1	0	0
"2363"	0	0	1
"2364"	1	0	0
"2368"	1	0	0
"2370"	1	0	0
"2372"	2	0	0
"2373"	0	0	1
"2376"	2	0	0
"2382"	1	0	1
"2386"	1	0	1
"2388"	1	0	0
"2390"	3	0	0
"2391"	0	1	0
"2392"	0	1	0
"2393"	0	1	0
"2394"	0	2	0
"2397"	0	1	1
"2398"	1	0	0
"2402"	0	1	2
"2408"	1	1	0
"2409"	0	1	0
"2410"	0	0	1
"2418"	1	0	0
"2422"	2	0	0
"2423"	0	1	0
"2424"	1	0	0
"2426"	1	0	0
"2428"	1	0	0
"2430"	2	0	0
"2436"	1	1	1
"2437"	0	0	1
"2438"	1	0	0
"2440"	1	0	0
"2444"	3	0	0
"2447"	0	1	0
"2448"	0	2	0
"2450"	0	1	0
"2452"	2	0	0
"2454"	1	0	0
"2460"	0	0	1
"2466"	1	0	0
"2468"	1	0	0
"2473"	0	1	0
"2474"	0	0	1
"2476"	3	0	0
"2482"	1	0	0
"2484"	0	0	1
"2486"	1	1	0
"2487"	0	1	0
"2490"	1	0	0
"2491"	0	1	0
"2492"	0	1	0
"2494"	1	0	0
"2498"	1	1	0
"2500"	1	0	0
"2502"	1	0	0
"2504"	1	0	0
"2506"	0	2	0
"2510"	1	0	0
"2515"	0	1	0
"2516"	1	1	0
"2519"	0	1	0
"2524"	1	0	0
"2526"	2	0	0
"2528"	0	1	0
"2531"	0	1	0
"2532"	0	1	0
"2534"	1	0	0
"2535"	0	1	0
"2536"	2	1	0
"2538"	1	0	0
"2544"	0	1	0
"2546"	1	0	0
"2547"	0	0	1
"2548"	1	0	0
"2549"	0	0	1
"2551"	0	1	0
"2554"	1	0	0
"2558"	1	0	1
"2560"	2	0	0
"2562"	1	0	0
"2564"	1	0	1
"2566"	1	0	0
"2567"	0	0	1
"2570"	1	0	0
"2574"	2	1	0
"2576"	0	1	0
"2577"	0	1	0
"2580"	2	0	0
"2582"	1	0	0
"2583"	0	1	0
"2584"	1	0	1
"2586"	0	1	1
"2594"	3	0	0
"2595"	0	1	0
"2602"	2	0	0
"2608"	1	0	0
"2610"	1	2	0
"2614"	2	1	0
"2618"	1	0	0
"2620"	2	0	1
"2622"	1	0	0
"2623"	0	0	1
"2626"	1	0	0
"2628"	1	0	0
"2629"	0	1	0
"2633"	0	1	0
"2636"	2	0	0
"2638"	1	1	0
"2642"	1	0	0
"2643"	0	1	0
"2647"	0	1	0
"2650"	2	0	0
"2656"	1	0	0
"2660"	0	0	1
"2662"	0	1	0
"2668"	0	1	0
"2672"	1	0	0
"2680"	1	0	0
"2682"	1	0	0
"2686"	0	1	0
"2688"	1	0	0
"2696"	1	0	0
"2698"	1	0	0
"2702"	0	1	0
"2704"	1	0	0
"2706"	1	0	0
"2712"	1	0	0
"2716"	1	0	0
"2718"	2	0	0
"2721"	0	1	0
"2723"	0	1	0
"2728"	1	0	0
"2732"	0	1	0
"2736"	0	1	0
"2737"	0	1	0
"2739"	0	1	0
"2742"	1	0	0
"2748"	1	0	0
"2752"	1	0	0
"2763"	0	1	0
"2764"	1	0	0
"2768"	1	0	0
"2769"	0	1	0
"2775"	0	0	1
"2778"	0	0	1
"2780"	1	0	0
"2793"	0	1	0
"2800"	1	0	0
"2802"	1	0	0
"2810"	1	0	0
"2812"	0	1	0
"2816"	1	0	0
"2822"	1	0	0
"2830"	3	0	0
"2831"	0	0	1
"2832"	1	1	0
"2838"	0	1	0
"2840"	1	0	1
"2843"	0	1	0
"2844"	1	0	0
"2847"	0	1	0
"2850"	0	1	0
"2852"	0	0	1
"2854"	1	0	0
"2856"	1	0	0
"2862"	1	0	0
"2864"	2	0	0
"2868"	1	0	0
"2870"	1	0	0
"2874"	1	0	1
"2884"	1	0	0
"2886"	0	0	1
"2890"	1	0	0
"2892"	1	0	0
"2898"	1	0	0
"2900"	1	0	0
"2904"	0	1	0
"2906"	1	0	0
"2908"	0	1	0
"2910"	4	0	0
"2922"	1	0	0
"2933"	0	0	1
"2940"	0	1	0
"2944"	1	0	1
"2949"	0	1	0
"2958"	2	0	0
"2964"	1	0	0
"2966"	1	0	0
"2984"	1	1	0
"2986"	1	0	0
"2987"	0	1	0
"2990"	1	0	0
"2992"	1	0	0
"2997"	0	1	0
"2998"	1	0	1
"3002"	1	0	0
"3014"	1	1	0
"3016"	1	0	0
"3020"	0	1	0
"3032"	1	0	0
"3036"	1	0	0
"3037"	0	1	1
"3040"	1	0	0
"3042"	0	1	0
"3046"	1	0	0
"3048"	1	0	0
"3058"	1	0	0
"3062"	1	0	0
"3064"	0	1	0
"3065"	0	1	0
"3066"	2	0	0
"3072"	1	0	0
"3078"	1	0	0
"3084"	2	1	0
"3086"	2	0	0
"3087"	0	1	0
"3088"	1	0	0
"3091"	0	1	0
"3092"	1	0	0
"3101"	0	0	1
"3102"	1	1	0
"3104"	1	0	0
"3105"	0	1	0
"3106"	2	0	0
"3108"	1	0	0
"3114"	1	0	0
"3119"	0	0	1
"3130"	1	0	1
"3133"	0	0	1
"3140"	1	0	0
"3142"	0	1	0
"3143"	0	1	0
"3150"	1	0	1
"3161"	0	0	1
"3164"	0	1	0
"3166"	1	0	0
"3176"	1	0	0
"3180"	1	0	0
"3187"	0	0	1
"3188"	1	0	0
"3190"	1	0	0
"3192"	1	0	0
"3194"	2	0	0
"3195"	0	2	0
"3198"	1	0	0
"3210"	0	1	0
"3214"	1	0	0
"3223"	0	1	0
"3224"	1	0	0
"3226"	1	0	0
"3227"	0	1	0
"3234"	1	0	0
"3236"	0	1	0
"3241"	0	1	0
"3254"	1	0	0
"3256"	1	0	0
"3262"	1	0	0
"3268"	0	1	0
"3270"	1	0	0
"3272"	1	0	0
"3276"	1	0	0
"3278"	1	0	0
"3290"	1	0	0
"3294"	0	0	1
"3298"	1	0	0
"3299"	0	1	0
"3302"	2	0	0
"3304"	1	0	0
"3310"	1	0	0
"3313"	0	1	0
"3316"	0	0	1
"3320"	1	0	0
"3322"	1	0	0
"3324"	2	0	0
"3328"	0	1	0
"3329"	0	0	1
"3332"	0	1	0
"3340"	2	0	0
"3345"	0	0	1
"3358"	0	1	0
"3362"	1	0	0
"3364"	2	0	0
"3365"	0	1	0
"3367"	0	0	1
"3374"	1	0	0
"3376"	1	0	0
"3378"	3	0	0
"3380"	2	0	0
"3382"	2	0	0
"3384"	1	0	0
"3386"	1	0	0
"3390"	1	0	0
"3398"	1	0	0
"3399"	0	1	0
"3408"	1	0	0
"3410"	1	0	0
"3412"	1	0	0
"3414"	1	0	0
"3417"	0	0	1
"3422"	0	0	1
"3427"	0	0	1
"3428"	0	0	1
"3434"	0	1	0
"3436"	1	0	0
"3439"	0	0	1
"3444"	1	0	0
"3446"	1	0	0
"3448"	0	1	0
"3452"	1	1	0
"3454"	2	0	0
"3456"	1	0	0
"3457"	0	1	0
"3460"	1	0	0
"3464"	1	0	0
"3468"	1	0	0
"3476"	1	0	0
"3490"	1	0	0
"3494"	1	0	0
"3496"	1	0	0
"3514"	0	1	0
"3516"	0	1	0
"3546"	0	1	0
"3547"	0	1	0
"3550"	1	0	0
"3558"	2	0	0
"3564"	1	0	0
"3581"	0	1	0
"3588"	1	0	0
"3589"	0	0	1
"3593"	0	0	1
"3596"	0	0	1
"3604"	0	1	0
"3612"	0	1	0
"3618"	1	0	0
"3620"	1	0	0
"3628"	1	0	0
"3634"	1	0	0
"3656"	0	0	1
"3657"	0	1	0
"3658"	1	0	0
"3670"	1	0	0
"3680"	0	1	0
"3692"	1	0	0
"3696"	1	0	0
"3697"	0	0	1
"3708"	1	0	0
"3716"	1	0	0
"3717"	0	1	0
"3724"	2	0	1
"3726"	1	0	0
"3730"	1	0	0
"3731"	0	1	0
"3734"	1	0	0
"3738"	1	0	0
"3739"	0	1	0
"3742"	1	0	0
"3745"	0	1	0
"3753"	0	1	0
"3754"	1	0	0
"3762"	0	1	0
"3767"	0	0	1
"3772"	2	0	1
"3774"	1	0	0
"3778"	1	0	0
"3784"	1	0	0
"3786"	1	0	0
"3792"	1	0	0
"3799"	0	0	1
"3803"	0	1	0
"3815"	0	0	1
"3823"	0	0	1
"3824"	0	0	1
"3836"	1	0	0
"3839"	0	1	0
"3848"	1	0	0
"3856"	0	1	0
"3860"	1	0	0
"3862"	1	0	0
"3872"	1	0	0
"3876"	1	0	0
"3878"	2	0	0
"3900"	1	0	0
"3926"	1	1	0
"3930"	1	0	0
"3934"	1	0	0
"3936"	1	0	0
"3939"	0	1	0
"3947"	0	1	0
"3948"	0	1	0
"3968"	0	1	0
"3982"	0	1	0
"3990"	1	0	0
"3995"	0	0	1
"3996"	0	1	0
"4006"	1	0	0
"4024"	0	1	0
"4032"	0	1	0
"4044"	1	0	0
"4046"	0	1	0
"4049"	0	1	0
"4057"	0	1	0
"4074"	0	1	0
"4075"	0	0	1
"4082"	1	0	0
"4100"	1	0	0
"4114"	1	0	0
"4116"	0	1	0
"4118"	1	0	0
"4164"	1	0	0
"4176"	1	0	0
"4180"	1	0	0
"4186"	2	0	0
"4216"	1	0	0
"4236"	1	0	0
"4253"	0	1	0
"4260"	0	0	1
"4268"	1	0	0
"4274"	0	1	0
"4281"	0	1	0
"4286"	1	1	0
"4296"	1	0	0
"4300"	0	1	0
"4307"	0	0	1
"4310"	1	0	0
"4322"	1	0	0
"4336"	1	0	0
"4339"	0	0	1
"4342"	1	0	0
"4360"	1	0	0
"4374"	1	0	0
"4396"	2	0	0
"4399"	0	1	0
"4406"	1	0	0
"4412"	1	0	0
"4419"	0	1	0
"4422"	0	1	0
"4426"	1	0	0
"4444"	1	0	0
"4452"	1	0	0
"4466"	0	0	1
"4468"	0	0	1
"4470"	0	0	1
"4486"	0	0	1
"4496"	0	0	1
"4512"	1	0	0
"4515"	0	0	1
"4521"	0	1	0
"4528"	1	0	0
"4542"	0	0	1
"4574"	0	1	0
"4640"	1	0	0
"4646"	0	1	0
"4651"	0	0	1
"4659"	0	0	1
"4666"	1	0	0
"4668"	1	0	0
"4720"	0	1	0
"4726"	1	0	0
"4733"	0	1	0
"4746"	1	0	0
"4759"	0	1	0
"4764"	1	0	0
"4772"	1	0	0
"4782"	0	0	1
"4794"	1	0	0
"4804"	2	0	0
"4820"	1	0	0
"4822"	0	0	1
"4857"	0	0	1
"4872"	1	0	0
"4874"	1	0	0
"4920"	1	0	0
"4941"	0	1	0
"4948"	1	0	0
"4968"	1	0	0
"4974"	0	1	0
"5094"	1	0	0
"5098"	1	0	0
"5103"	0	1	0
"5116"	1	0	0
"5127"	0	0	1
"5128"	1	0	0
"5134"	1	0	0
"5168"	1	0	0
"5172"	1	0	0
"5240"	1	0	0
"5246"	1	0	0
"5289"	0	0	1
"5318"	0	1	0
"5320"	1	0	0
"5345"	0	1	0
"5380"	0	0	1
"5417"	0	1	0
"5448"	0	1	0
"5541"	0	1	0
"5550"	1	0	0
"5556"	1	0	0
"5662"	1	0	0
"5680"	1	0	0
"5694"	0	1	0
"5704"	1	0	0
"5748"	1	0	0
"5749"	0	0	1
"5772"	1	0	0
"5821"	0	1	0
"5866"	1	0	0
"5888"	1	0	0
"5996"	1	0	0
"6052"	0	1	0
"6074"	1	0	0
"6100"	0	1	0
"6200"	0	1	0
"6202"	1	0	0
"6238"	1	0	0
"6260"	1	1	0
"6266"	1	0	0
"6300"	1	0	0
"6322"	1	0	0
"6329"	0	1	0
"6374"	1	0	0
"6588"	1	0	0
"6632"	1	0	0
"6658"	1	0	0
"6690"	1	0	0
"6734"	1	0	0
"6774"	0	0	1
"6778"	0	1	0
"6783"	0	0	1
"6834"	1	0	0
"6844"	1	0	0
"6854"	1	0	0
"6856"	1	0	0
"6863"	0	1	0
"6878"	1	0	0
"6977"	0	0	1
"7023"	0	1	0
"7058"	0	0	1
"7178"	1	0	0
"7186"	1	0	0
"7192"	1	0	0
"7210"	0	1	0
"7312"	1	0	0
"7332"	0	0	1
"7378"	0	0	1
"7394"	1	0	0
"7395"	0	1	0
"7448"	1	0	0
"7534"	1	0	0
"7544"	1	0	0
"7563"	0	1	0
"7598"	1	0	0
"7630"	1	0	0
"7646"	1	0	0
"7648"	1	0	0
"7726"	0	0	1
"7975"	0	0	1
"7990"	1	0	0
"7995"	0	0	1
"8150"	1	0	0
"8172"	0	0	1
"8252"	0	0	1
"8254"	0	1	0
"8269"	0	0	1
"8284"	0	1	0
"8302"	0	1	0
"8461"	0	0	1
"8481"	0	0	1
"8505"	0	0	1
"8520"	1	0	0
"8614"	1	0	0
"8617"	0	0	1
"8678"	1	0	0
"8736"	0	1	0
"8763"	0	1	0
"8765"	0	1	0
"8776"	0	1	0
"8901"	0	0	1
"8932"	1	0	0
"8936"	1	0	0
"8940"	1	0	0
"8972"	1	0	0
"8992"	1	0	0
"9030"	1	0	0
"9084"	1	0	0
"9192"	0	1	0
"9302"	1	0	0
"9318"	1	0	0
"9564"	1	0	0
"9570"	0	1	0
"9644"	1	0	0
"9714"	1	0	0
"9757"	0	0	1
"9888"	0	1	0
"9898"	0	0	1
"9986"	0	0	1
"10010"	0	0	1
"10254"	1	0	0
"10423"	0	0	1
"10578"	1	0	0
"10619"	0	0	1
"10760"	1	0	0
"11312"	0	1	0
"11338"	0	0	1
"11389"	0	0	1
"11489"	0	0	1
"11498"	1	0	0
"11571"	0	0	1
"11589"	0	0	1
"11615"	0	1	0
"11663"	0	0	1
"11886"	0	0	1
"12094"	0	0	1
"12134"	0	0	1
"13548"	1	0	0
"13566"	1	0	0
"13951"	0	0	1
"13954"	1	0	0
"14116"	1	0	0
"14284"	0	0	1
"14580"	0	1	0
"14664"	1	0	0
"14756"	1	0	0
"14955"	0	0	1
"14986"	0	0	1
"15142"	0	1	0
"15452"	1	0	0
"15950"	1	0	0
"15990"	1	0	0
"16093"	0	1	0
"16344"	1	0	0
"16504"	1	0	0
"16538"	1	0	0
"16922"	1	0	0
"16962"	1	0	0
"17010"	1	0	0
"17234"	1	0	0
"17802"	1	0	0
"18673"	0	1	0
"19514"	1	0	0
"19796"	1	0	0
"19972"	1	0	0
"20020"	1	0	0
"20846"	1	0	0
"21238"	1	0	0
"22676"	1	0	0
"22778"	1	0	0
"22978"	1	0	0
"23142"	1	0	0
"23178"	1	0	0
"23326"	1	0	0
"23772"	1	0	0
"24188"	1	0	0
"24268"	1	0	0
"27902"	1	0	0
"28568"	1	0	0
"29910"	1	0	0
"29972"	1	0	0
