Junctions	ADRENALGLAND1	ADRENALGLAND2	COLON1	COLON2	CORTEX1	CORTEX2	DUODENUM1	DUODENUM2	ESOPHAGUS1	ESOPHAGUS2	HEART1	HEART2	KIDNEY1	KIDNEY2	LIVER1	LIVER2	LUNG1	LUNG2	OVARY1	OVARY2	PANCREAS1	PANCREAS2	SKIN1	SKIN2	SPLEEN_1	SPLEEN_2	STOMACH1	STOMACH2	TESTIS1	TESTIS2	THYROIDGLAND1	THYROIDGLAND2
CGATENSCAFT00000009206JUNC00001	0	0	0	0	0	1	0	0	0	0	0	0	0	0	0	0	0	0	0	0	0	0	0	0	0	0	0	0	0	1	0	0
CGATENSCAFT00000009206JUNC00002	0	0	0	0	1	1	0	0	0	0	0	0	0	0	0	0	0	0	0	0	0	0	0	0	0	0	0	0	0	0	0	0
CGATENSMUST00000079978JUNC00005	0	0	4	2	2	5	2	1	2	0	2	0	5	3	1	0	11	7	1	1	0	0	0	1	2	1	4	2	1	1	3	1
CGATENSMUST00000163653JUNC00006	0	0	0	0	0	0	0	0	1	0	1	0	0	0	0	0	2	1	0	0	0	0	1	0	0	0	0	0	0	0	0	0
CGATENSMUST00000163653JUNC00007	0	0	0	1	0	0	0	0	0	0	0	0	0	0	0	0	2	3	0	0	0	0	1	0	0	1	0	0	0	0	0	0
CGATENSMUST00000163653JUNC00008	0	0	0	0	0	0	0	0	0	0	0	0	0	0	0	0	1	2	0	1	0	0	0	0	0	0	0	1	0	0	0	0
CGATENSMUST00000028951JUNC00009	0	0	0	0	2	3	0	0	0	0	0	0	0	0	0	0	0	0	0	0	0	0	0	0	0	0	0	1	0	0	0	0
CGATENSMUST00000198322JUNC00014	1	3	9	9	21	17	3	0	11	6	11	6	12	9	4	4	16	22	16	14	1	1	14	11	15	19	12	12	9	10	9	9
CGATENSCAFT00000000809JUNC00017	0	0	0	0	0	3	0	0	0	0	0	0	1	1	0	0	2	2	0	0	0	0	3	2	1	0	0	0	0	0	0	0
CGATENSMUST00000077735JUNC00020	2	1	0	0	25	25	0	0	0	0	0	0	0	0	0	0	1	1	1	3	0	1	0	0	2	6	7	3	12	12	0	0
CGATENSMUST00000109854JUNC00021	0	0	0	0	5	5	0	1	1	2	1	2	1	1	0	0	5	2	6	7	0	0	0	0	0	0	1	1	0	0	0	0
CGATENSMUST00000114151JUNC00023	0	0	0	0	0	0	0	0	2	4	2	4	0	0	0	0	0	0	0	0	0	0	0	0	0	0	0	0	0	0	0	0
CGATENSMUST00000114151JUNC00024	0	0	0	0	0	0	0	0	0	0	0	0	2	3	0	0	1	1	0	0	0	0	0	0	1	0	0	0	0	0	1	0
CGATENSMUST00000099569JUNC00026	0	0	0	0	0	0	0	0	0	0	0	0	0	0	0	0	0	0	0	0	1	0	0	0	0	0	0	0	0	0	0	0
CGATENSMUST00000037901JUNC00028	0	0	0	0	0	0	0	0	0	0	0	0	1	1	0	0	0	0	1	1	0	0	0	0	0	0	0	0	0	1	0	0
CGATENSCAFT00000049433JUNC00029	0	0	0	0	1	1	0	0	0	1	0	1	1	0	0	0	0	5	0	0	0	0	0	0	0	0	0	0	2	0	0	0
CGATENSCAFT00000049433JUNC00031	0	0	0	0	0	0	0	0	0	0	0	0	0	0	0	0	3	2	0	0	0	0	0	0	0	0	0	0	1	0	0	0
CGATENSCAFT00000050068JUNC00032	0	1	2	1	3	3	3	1	2	0	2	0	1	1	0	0	4	1	0	0	0	0	1	0	0	0	2	5	2	4	0	0
CGATENSCAFT00000019439JUNC00034	0	0	2	1	2	1	0	0	1	0	1	0	0	0	2	1	1	0	0	0	0	0	4	1	0	0	2	0	0	0	1	0
CGATENSMUST00000169129JUNC00035	0	0	0	0	3	4	0	0	0	0	0	0	0	0	0	0	0	0	0	0	0	0	1	0	0	0	0	0	0	0	2	2
CGATENSMUST00000106612JUNC00036	0	0	0	0	0	0	0	0	0	0	0	0	0	0	0	0	0	0	0	0	0	0	0	0	0	0	0	0	0	0	1	0
CGATENSCAFT00000043690JUNC00037	0	0	0	0	0	0	0	0	1	3	1	3	0	0	0	0	0	0	0	0	0	0	0	0	0	0	1	0	0	0	0	0
CGATENSCAFT00000043690JUNC00038	0	0	0	0	0	0	0	0	4	3	4	3	0	0	0	0	0	0	0	0	0	0	0	0	0	0	1	0	0	0	0	0
CGATENSMUST00000163352JUNC00039	0	0	0	0	2	0	0	0	0	0	0	0	0	1	0	0	0	0	0	0	0	0	0	0	0	0	0	0	0	0	0	0
CGATENSMUST00000106137JUNC00040	0	0	0	0	23	22	0	0	0	0	0	0	0	0	0	0	0	0	0	0	0	0	0	0	0	0	0	2	0	0	0	0
CGATENSMUST00000111646JUNC00042	0	0	0	0	0	0	0	0	0	0	0	0	0	0	0	0	0	0	0	0	0	0	0	0	0	1	0	0	0	0	0	0
CGATENSMUST00000107176JUNC00045	0	0	0	0	1	0	0	0	0	0	0	0	0	0	0	0	0	0	0	0	0	0	1	0	0	0	0	0	0	0	0	0
CGATENSMUST00000164750JUNC00046	0	0	0	0	1	0	0	0	0	0	0	0	0	0	0	0	0	0	0	0	0	0	0	0	0	0	0	0	0	0	0	0
CGATENSMUST00000042529JUNC00048	0	0	0	0	0	0	0	0	0	0	0	0	0	0	0	0	1	0	0	0	0	0	0	0	0	0	0	1	0	0	0	0
CGATENSMUST00000210277JUNC00049	1	0	1	1	2	3	0	1	1	0	1	0	1	1	0	0	1	1	0	0	1	0	0	1	0	1	1	3	3	1	0	0
CGATENSMUST00000210277JUNC00050	0	0	0	0	1	0	0	0	1	0	1	0	0	1	0	1	2	2	0	0	0	0	0	1	1	1	3	2	2	1	0	1
CGATENSMUST00000034437JUNC00052	0	1	0	0	16	10	0	0	0	0	0	0	0	0	2	3	0	0	0	0	0	0	0	0	0	0	0	0	0	0	0	0
CGATENSMUST00000034437JUNC00053	0	1	0	0	18	10	0	0	0	0	0	0	1	0	4	1	0	0	0	0	0	0	0	0	0	0	0	0	4	4	0	0
CGATENSMUST00000166126JUNC00056	1	0	0	0	5	9	0	0	0	0	0	0	0	0	0	0	0	0	0	0	0	0	0	0	0	0	0	0	0	0	0	0
CGATENSMUST00000114614JUNC00057	0	0	0	0	0	0	0	0	1	0	1	0	2	1	0	1	1	2	0	1	0	0	1	0	1	2	1	1	0	0	1	0
CGATENSMUST00000090929JUNC00060	2	2	0	0	0	0	0	0	0	1	0	1	0	0	0	0	0	1	0	2	0	0	0	0	0	1	0	0	0	0	0	0
CGATENSMUST00000097650JUNC00061	0	0	2	1	1	1	0	1	0	0	0	0	0	0	1	1	3	2	0	0	0	0	1	0	0	0	0	0	3	2	0	0
CGATENSMUST00000189617JUNC00064	0	0	0	0	0	0	0	0	0	0	0	0	0	0	0	0	0	1	0	0	0	0	0	0	0	0	0	0	0	0	0	0
CGATENSMUST00000136479JUNC00066	0	0	0	0	0	0	0	0	0	0	0	0	0	0	0	0	0	0	0	0	0	0	0	0	0	0	1	0	0	0	0	0
CGATENSMUST00000108860JUNC00068	0	0	0	0	2	2	0	0	0	0	0	0	0	0	0	0	0	0	0	0	0	0	0	0	0	0	0	0	0	0	0	0
CGATENSMUST00000015981JUNC00069	0	0	1	0	0	0	0	0	0	0	0	0	0	0	0	0	0	0	0	0	0	0	0	0	1	0	0	0	0	0	0	0
CGATENSMUST00000113713JUNC00071	0	1	0	0	2	1	0	0	0	1	0	1	0	0	0	0	1	1	1	1	1	1	0	0	0	1	1	0	0	1	0	1
CGATENSMUST00000109871JUNC00072	0	0	0	0	0	0	0	0	0	0	0	0	0	0	0	0	0	0	0	0	0	0	0	0	0	0	0	0	2	1	0	0
CGATENSCAFT00000025233JUNC00083	0	0	0	0	0	0	0	0	0	0	0	0	0	0	0	0	1	0	0	0	0	0	0	0	0	0	1	1	3	0	0	0
CGATENSMUST00000111190JUNC00087	0	0	0	0	0	0	0	0	0	0	0	0	0	0	0	0	0	1	0	0	1	2	0	0	0	0	0	0	0	0	0	0
CGATENSMUST00000110259JUNC00089	0	0	0	0	1	1	0	0	0	0	0	0	0	0	0	0	0	0	0	0	0	0	0	0	0	0	0	0	0	0	0	0
CGATENSCAFT00000023202JUNC00090	0	0	0	0	9	11	0	0	0	0	0	0	0	0	0	0	0	0	0	0	0	0	0	0	0	0	0	0	0	0	0	0
CGATENSCAFT00000023202JUNC00091	0	0	0	0	11	11	0	0	1	0	1	0	0	0	0	0	0	0	0	0	0	0	0	0	0	0	0	0	0	0	0	0
CGATENSCAFT00000023202JUNC00092	0	0	0	0	13	12	0	0	0	0	0	0	0	0	0	0	0	0	0	0	0	0	0	0	0	0	0	0	0	0	0	0
CGATENSCAFT00000023202JUNC00093	0	0	0	0	3	5	0	0	0	0	0	0	0	0	0	0	0	0	0	0	0	0	0	0	0	0	0	0	0	0	0	0
CGATENSMUST00000110520JUNC00095	0	0	0	0	10	14	0	0	0	0	0	0	1	0	0	0	0	1	0	0	0	0	0	0	0	0	0	0	0	0	0	0
CGATENSMUST00000004097JUNC00101	0	0	0	1	1	0	0	0	0	0	0	0	0	1	0	0	1	2	2	3	0	0	0	0	0	1	1	3	0	0	1	0
CGATENSMUST00000175975JUNC00102	0	0	1	0	1	0	0	0	0	0	0	0	0	0	0	0	0	0	1	4	0	0	0	0	0	1	1	0	0	1	1	0
CGATENSMUST00000138060JUNC00103	0	0	0	0	0	1	1	2	0	0	0	0	2	1	0	0	1	0	1	2	0	0	1	0	0	0	1	1	0	0	1	0
CGATENSMUST00000186239JUNC00105	0	0	0	0	0	0	0	1	0	0	0	0	0	0	0	0	0	0	0	0	0	0	0	0	0	0	1	0	0	0	0	0
CGATENSMUST00000189770JUNC00106	0	0	0	0	0	0	0	0	0	0	0	0	1	0	0	0	0	0	0	0	0	0	0	0	0	0	0	0	0	0	0	0
CGATENSMUST00000060537JUNC00108	1	0	0	0	23	19	1	0	0	0	0	0	0	0	0	0	0	0	0	0	0	0	0	0	0	0	0	1	0	0	0	0
CGATENSMUST00000060537JUNC00109	1	0	0	0	16	16	1	0	0	0	0	0	0	0	0	0	0	0	0	0	0	0	0	0	0	0	0	1	0	0	0	0
CGATENSMUST00000060537JUNC00110	0	0	0	1	8	11	0	0	3	5	3	5	0	0	0	0	0	2	2	0	0	0	0	0	0	0	0	0	0	0	0	0
CGATENSMUST00000060537JUNC00111	0	0	0	0	23	17	0	0	1	3	1	3	0	0	0	0	0	0	1	0	0	0	0	0	0	0	0	0	0	0	0	0
CGATENSCAFT00000047441JUNC00112	0	0	0	0	0	0	0	0	0	0	0	0	0	0	1	1	0	0	0	0	0	0	1	0	2	1	0	0	0	0	0	1
CGATENSMUST00000076043JUNC00113	1	0	1	1	3	0	0	0	0	0	0	0	0	0	0	0	0	0	0	0	0	0	0	0	0	0	0	0	0	0	0	0
CGATENSMUST00000058720JUNC00114	0	0	0	0	0	1	0	0	0	0	0	0	0	0	0	1	0	0	0	0	0	1	0	0	1	2	0	0	0	0	0	0
CGATENSMUST00000105919JUNC00119	0	0	0	0	0	0	0	0	0	0	0	0	0	0	0	0	0	0	0	0	0	0	0	0	1	0	0	1	0	0	0	1
CGATENSMUST00000198633JUNC00120	1	1	1	1	4	3	4	6	2	0	2	0	4	4	0	2	6	5	1	0	0	1	2	1	8	6	2	6	1	1	2	0
CGATENSCAFT00000025945JUNC00122	0	0	0	0	26	18	0	0	2	3	2	3	0	0	0	0	0	2	2	1	0	0	0	0	0	0	1	1	0	0	0	1
CGATENSCAFT00000025945JUNC00123	0	0	1	1	24	21	1	1	1	1	1	1	0	0	0	0	2	1	1	2	0	0	0	0	0	0	2	1	0	0	1	0
CGATENSMUST00000078019JUNC00124	2	0	2	6	0	0	1	1	1	0	1	0	245	229	1	1	3	4	0	0	0	1	1	0	6	3	2	3	0	0	0	0
CGATENSMUST00000161812JUNC00125	0	0	0	0	0	0	0	0	0	0	0	0	0	1	0	0	0	0	0	0	0	0	0	0	0	0	0	1	0	0	0	0
CGATENSMUST00000093138JUNC00126	0	0	1	2	0	1	1	1	0	0	0	0	0	0	1	1	2	2	0	0	0	0	1	0	1	2	1	0	0	0	0	2
CGATENSMUST00000101270JUNC00127	0	0	0	0	0	1	0	0	0	0	0	0	0	0	0	0	0	0	0	0	0	0	0	0	0	0	0	1	0	0	0	0
CGATENSMUST00000021142JUNC00129	0	0	0	0	1	0	0	0	0	0	0	0	0	0	0	0	0	0	0	0	0	0	0	0	1	0	0	0	0	0	0	0
CGATENSCAFT00000009311JUNC00135	3	4	3	4	19	21	2	2	17	21	17	21	12	11	3	3	38	32	13	15	1	3	14	9	5	10	4	6	6	6	46	40
CGATENSCAFT00000009311JUNC00136	7	2	13	17	9	7	2	6	28	19	28	19	15	15	7	4	55	48	19	15	6	0	31	42	21	19	14	13	9	12	81	72
CGATENSCAFT00000009311JUNC00137	9	9	28	19	25	26	3	6	48	33	48	33	20	19	9	13	82	73	22	24	5	7	59	48	31	28	19	15	15	17	97	79
CGATENSMUST00000212181JUNC00138	1	0	10	7	3	3	2	2	21	21	21	21	9	9	1	1	17	15	6	3	0	0	22	9	7	7	7	8	1	1	40	51
CGATENSMUST00000172362JUNC00141	0	0	1	0	2	1	0	0	0	0	0	0	0	0	0	0	1	0	4	3	0	0	2	0	2	4	0	0	2	2	4	1
CGATENSMUST00000210061JUNC00142	0	0	0	0	1	0	0	0	0	0	0	0	0	0	0	0	0	0	0	0	0	0	0	0	0	0	0	0	0	0	0	0
CGATENSMUST00000113218JUNC00144	0	0	0	0	3	1	1	0	0	0	0	0	6	5	0	0	0	0	0	0	2	0	0	0	0	0	0	0	0	0	0	0
CGATENSCAFT00000010079JUNC00147	0	0	7	4	1	0	1	1	0	0	0	0	0	0	0	0	0	0	0	0	0	0	0	1	0	0	0	1	0	0	0	0
CGATENSCAFT00000010079JUNC00148	1	1	0	2	7	8	0	0	3	1	3	1	1	2	0	0	0	1	1	2	0	0	1	1	1	1	0	1	0	0	1	1
CGATENSCAFT00000010079JUNC00149	1	0	3	2	21	24	1	1	4	1	4	1	2	2	0	2	2	3	0	1	0	0	0	0	1	1	3	2	0	0	0	1
CGATENSCAFT00000044934JUNC00151	0	0	0	0	2	1	0	0	0	0	0	0	7	11	0	0	0	0	1	1	0	0	0	0	1	0	0	0	0	0	0	0
CGATENSCAFT00000044934JUNC00153	0	0	0	0	0	0	0	0	0	1	0	1	0	0	0	0	0	0	0	0	0	0	0	0	0	0	0	0	0	0	0	0
CGATENSCAFT00000044934JUNC00154	2	2	4	8	75	60	3	2	6	8	6	8	28	27	3	3	19	19	26	30	1	1	2	4	40	34	3	4	2	6	2	0
CGATENSCAFT00000044934JUNC00155	2	2	3	2	11	10	0	1	3	5	3	5	20	13	1	1	7	4	29	24	2	2	4	1	42	47	3	5	3	0	0	0
CGATENSCAFT00000044934JUNC00156	1	1	3	4	7	6	1	2	7	2	7	2	7	13	0	0	6	12	11	17	0	0	0	2	22	31	4	3	3	1	0	0
CGATENSCAFT00000044934JUNC00157	5	4	2	2	31	33	1	3	4	6	4	6	117	118	3	3	16	16	21	20	0	3	0	2	30	33	5	4	8	4	0	2
CGATENSCAFT00000044934JUNC00159	0	0	0	0	0	0	0	0	1	3	1	3	0	0	0	0	1	1	1	0	0	0	0	0	0	0	0	0	0	0	0	0
CGATENSMUST00000044443JUNC00160	10	9	7	4	22	24	3	3	0	3	0	3	107	96	2	0	20	16	21	18	2	0	5	3	27	29	6	3	4	1	1	1
CGATENSMUST00000182078JUNC00161	0	0	0	0	9	9	0	0	0	1	0	1	1	0	0	0	0	0	0	0	0	0	0	0	0	0	0	0	0	0	0	1
CGATENSMUST00000005072JUNC00162	0	0	0	0	0	0	0	0	2	0	2	0	0	0	0	0	0	0	0	0	0	0	0	1	0	0	0	0	0	0	0	0
CGATENSMUST00000045167JUNC00164	1	0	0	0	2	1	0	0	0	0	0	0	0	1	0	1	0	0	1	2	0	0	0	0	0	0	0	0	0	0	0	0
CGATENSMUST00000113493JUNC00165	0	0	0	0	8	9	0	0	0	0	0	0	0	0	0	0	0	0	0	0	0	0	1	0	0	0	0	0	0	0	0	0
CGATENSMUST00000113493JUNC00166	1	0	0	0	4	11	0	0	0	0	0	0	0	0	0	0	0	0	0	0	0	0	1	0	0	0	0	0	0	0	0	0
CGATENSMUST00000191747JUNC00169	0	0	0	1	0	0	0	0	0	0	0	0	0	0	0	1	3	6	0	2	0	0	0	1	2	4	0	0	0	0	0	0
CGATENSMUST00000194069JUNC00170	2	0	14	7	2	5	2	4	6	10	6	10	2	6	4	3	23	19	8	12	1	2	5	1	15	7	5	3	1	2	6	6
CGATENSMUST00000069949JUNC00174	0	0	2	1	0	1	0	0	1	1	1	1	2	0	1	1	11	10	0	0	0	0	2	3	6	2	3	2	5	6	0	0
CGATENSCAFT00000044999JUNC00177	2	0	1	0	0	0	0	0	5	5	5	5	1	0	0	0	3	1	0	0	1	0	0	0	0	0	0	0	0	0	0	0
CGATENSCAFT00000044999JUNC00178	0	0	0	0	0	0	0	0	7	4	7	4	0	0	0	0	1	0	0	0	0	1	0	0	0	2	0	0	1	1	0	0
CGATENSCAFT00000044999JUNC00179	0	0	0	0	3	3	0	0	10	3	10	3	0	1	0	0	1	0	0	0	0	0	0	0	0	2	0	0	3	3	0	0
CGATENSMUST00000114629JUNC00180	0	0	0	0	1	1	0	0	0	0	0	0	0	0	0	0	0	0	2	2	0	0	0	0	0	1	0	0	0	0	0	0
CGATENSMUST00000097776JUNC00181	0	1	0	0	10	8	0	0	0	1	0	1	0	0	0	0	1	1	1	0	0	0	0	0	0	0	0	0	2	3	0	0
CGATENSMUST00000088419JUNC00182	0	0	4	3	3	7	2	2	1	4	1	4	3	6	5	7	1	2	1	0	2	3	0	0	0	0	8	1	0	0	1	3
CGATENSMUST00000088419JUNC00183	1	0	4	7	9	11	0	1	0	3	0	3	5	6	4	5	5	3	1	1	2	3	0	2	0	0	11	6	0	0	4	4
CGATENSMUST00000088419JUNC00184	5	5	2	5	19	16	4	2	2	3	2	3	6	5	6	13	14	14	15	16	4	3	3	2	5	4	11	6	4	0	5	13
CGATENSMUST00000008999JUNC00185	0	0	0	0	1	0	0	0	0	0	0	0	0	0	0	0	0	0	0	0	1	0	0	0	0	0	0	0	0	1	0	0
CGATENSMUST00000177374JUNC00188	3	3	0	0	11	9	0	0	0	0	0	0	0	0	0	0	0	0	0	0	0	0	0	0	0	0	0	0	1	0	0	0
CGATENSMUST00000175799JUNC00189	1	2	1	0	9	12	2	2	2	0	2	0	0	1	0	0	4	7	0	2	1	1	2	3	10	8	3	0	3	4	3	2
CGATENSMUST00000193338JUNC00190	0	0	0	0	1	0	0	0	0	0	0	0	1	0	0	0	0	0	0	0	0	0	1	0	0	0	1	0	0	0	0	0
CGATENSCAFT00000029499JUNC00191	0	0	8	12	0	0	3	1	6	6	6	6	4	5	2	2	2	1	0	0	4	1	1	3	0	0	14	11	0	1	14	9
CGATENSCAFT00000029499JUNC00192	0	0	9	7	0	0	5	2	13	6	13	6	3	3	0	1	2	6	0	0	1	4	9	6	0	0	10	14	1	0	6	10
CGATENSMUST00000080335JUNC00194	0	0	0	0	0	1	0	0	0	0	0	0	1	1	0	0	0	0	0	0	0	0	0	0	0	0	0	0	1	0	0	0
CGATENSMUST00000106353JUNC00196	0	0	0	0	0	0	1	0	0	0	0	0	2	0	0	0	0	1	1	0	0	0	0	1	0	0	0	0	3	2	0	1
CGATENSMUST00000106353JUNC00197	0	0	0	0	0	0	0	0	0	0	0	0	0	0	0	0	0	1	0	0	0	0	0	0	0	0	0	0	0	0	0	0
CGATENSMUST00000081726JUNC00201	0	0	0	0	0	0	0	0	0	0	0	0	0	0	0	0	0	0	0	0	0	0	0	0	1	0	0	0	0	0	0	0
CGATENSMUST00000067150JUNC00203	0	0	0	0	0	0	0	0	1	0	1	0	0	0	0	0	0	0	0	0	0	1	0	0	0	0	0	0	0	0	0	0
CGATENSMUST00000164207JUNC00204	0	0	0	1	13	10	3	1	7	4	7	4	8	10	1	2	2	2	0	0	3	10	13	9	0	0	3	3	2	4	0	0
CGATENSMUST00000049255JUNC00209	0	0	0	0	0	0	0	0	0	0	0	0	0	0	0	0	1	2	0	0	0	0	0	0	0	0	0	0	0	0	0	0
CGATENSMUST00000047865JUNC00212	0	0	0	0	12	6	0	0	0	0	0	0	0	0	0	0	0	0	0	0	0	0	0	0	0	0	0	0	0	0	0	0
CGATENSMUST00000031435JUNC00215	0	0	0	3	0	0	1	1	0	0	0	0	1	1	0	0	0	0	0	0	0	0	1	1	1	1	1	1	0	0	0	0
CGATENSMUST00000202994JUNC00217	0	0	0	0	0	0	0	0	0	0	0	0	0	0	0	0	0	0	0	0	0	0	0	0	0	0	0	0	0	0	1	0
CGATENSMUST00000187182JUNC00221	0	0	0	0	0	1	0	0	0	0	0	0	0	0	0	0	0	0	0	0	0	0	0	0	0	0	0	0	0	0	0	0
CGATENSMUST00000187182JUNC00222	0	0	0	0	0	1	0	0	0	0	0	0	0	0	0	0	0	0	0	0	0	0	0	0	0	0	0	0	0	0	0	0
CGATENSMUST00000103021JUNC00225	0	0	0	0	0	0	0	0	0	0	0	0	0	0	0	0	0	0	0	0	0	0	1	0	0	0	0	0	0	0	0	0
CGATENSMUST00000046948JUNC00231	0	0	0	0	0	0	0	0	0	0	0	0	0	0	0	0	0	0	0	0	0	0	0	0	0	0	0	0	0	0	1	0
CGATENSMUST00000110963JUNC00236	0	0	0	0	1	0	0	0	0	0	0	0	0	0	0	0	0	0	0	0	0	0	0	0	2	2	0	0	0	0	0	0
CGATENSMUST00000111623JUNC00237	1	0	4	1	2	1	1	1	2	5	2	5	2	4	0	1	8	5	21	22	0	1	4	2	4	8	2	4	0	0	5	6
CGATENSMUST00000048180JUNC00240	0	0	0	0	3	1	0	0	0	0	0	0	0	0	0	0	0	1	0	0	0	1	0	0	0	0	1	0	0	0	0	0
CGATENSMUST00000073837JUNC00244	0	0	0	0	2	1	0	0	0	0	0	0	0	0	0	0	0	0	1	0	0	0	0	0	0	0	1	2	0	0	1	0
CGATENSMUST00000073837JUNC00245	0	0	0	0	0	0	0	0	0	0	0	0	0	0	0	1	0	0	0	0	0	0	0	0	0	0	0	0	0	0	0	0
CGATENSCAFT00000026204JUNC00247	0	0	0	1	0	0	0	0	0	0	0	0	0	0	0	0	0	0	0	0	0	0	0	0	0	0	0	0	0	0	0	0
CGATENSMUST00000113878JUNC00248	0	0	1	1	2	2	0	0	0	0	0	0	0	0	0	0	0	0	0	0	0	0	0	0	0	0	0	0	0	0	0	0
CGATENSMUST00000035201JUNC00251	1	0	0	0	1	2	0	0	0	0	0	0	0	0	0	0	0	0	0	0	0	0	1	0	0	0	1	0	0	0	1	0
CGATENSCAFT00000020518JUNC00252	4	5	4	8	44	40	2	0	3	2	3	2	4	2	4	0	9	9	3	5	6	3	6	1	16	16	5	5	2	2	0	0
CGATENSMUST00000088233JUNC00253	1	1	2	2	9	17	0	0	2	1	2	1	8	8	1	0	15	9	17	14	1	0	2	1	2	11	4	0	2	1	5	11
CGATENSMUST00000160800JUNC00254	0	0	3	0	11	18	0	0	0	0	0	0	0	0	0	0	0	0	0	0	0	0	0	0	0	0	0	0	0	0	0	0
CGATENSCAFT00000025406JUNC00264	0	0	3	1	6	5	1	1	1	0	1	0	3	3	0	0	4	5	3	3	0	0	0	2	2	2	1	1	1	2	1	0
CGATENSCAFT00000025406JUNC00265	0	0	2	0	0	0	0	0	1	1	1	1	1	3	0	0	3	3	1	2	0	1	0	0	0	2	1	1	1	1	0	0
CGATENSCAFT00000025406JUNC00266	0	0	1	1	1	1	1	1	0	0	0	0	4	1	2	2	1	1	0	0	0	0	0	1	5	4	3	1	0	0	0	0
CGATENSCAFT00000025406JUNC00267	0	0	0	0	0	0	0	0	1	0	1	0	2	0	0	0	0	0	0	0	0	0	0	0	0	0	0	0	0	0	0	0
CGATENSMUST00000106736JUNC00268	0	1	0	0	0	1	0	0	0	1	0	1	0	0	0	0	0	0	0	1	0	0	0	0	1	1	1	0	5	1	2	1
CGATENSMUST00000120856JUNC00275	0	0	0	0	1	0	0	0	0	0	0	0	0	0	0	0	0	0	0	0	0	0	0	0	0	0	0	0	0	0	0	0
CGATENSMUST00000165212JUNC00277	0	0	2	2	5	3	1	0	0	0	0	0	1	1	1	0	0	0	1	0	0	0	0	0	0	0	2	2	1	1	0	0
CGATENSMUST00000032309JUNC00282	1	1	1	0	1	0	2	0	10	6	10	6	0	1	0	0	4	3	2	2	1	0	10	12	2	1	0	1	8	6	4	0
CGATENSCAFT00000009199JUNC00285	0	0	0	0	0	0	0	0	1	0	1	0	0	0	0	0	0	0	0	0	0	0	0	0	0	0	0	0	0	0	0	0
CGATENSMUST00000110688JUNC00286	0	0	0	0	2	1	0	0	0	1	0	1	0	0	1	0	0	1	0	0	0	1	0	0	0	0	1	1	0	0	0	0
CGATENSMUST00000164930JUNC00289	0	0	0	0	96	117	0	0	0	0	0	0	0	0	0	0	1	0	1	0	0	0	0	0	1	0	0	0	0	0	0	0
CGATENSMUST00000164930JUNC00290	0	0	0	0	24	17	0	1	4	2	4	2	0	0	0	0	0	0	0	0	0	0	0	0	0	0	0	0	0	0	0	0
CGATENSMUST00000164930JUNC00291	4	2	7	3	70	66	0	2	9	15	9	15	15	11	2	3	15	21	30	23	2	5	4	6	11	16	7	8	12	9	6	3
CGATENSMUST00000199498JUNC00292	2	2	8	7	87	68	2	2	9	8	9	8	3	4	1	1	21	19	11	11	0	1	5	6	14	8	4	1	2	1	0	1
CGATENSMUST00000183703JUNC00295	0	1	0	0	4	7	0	0	0	1	0	1	1	1	0	0	1	0	0	0	1	0	0	0	0	2	1	3	3	2	0	0
CGATENSMUST00000183703JUNC00296	1	0	1	0	4	9	0	0	0	0	0	0	1	2	0	1	0	0	1	0	1	0	0	0	1	2	1	3	2	3	0	1
CGATENSMUST00000117507JUNC00299	0	0	1	0	0	0	1	1	1	4	1	4	0	0	0	0	0	0	0	0	0	0	0	0	0	0	0	0	0	0	0	0
CGATENSMUST00000117507JUNC00300	0	0	0	0	0	0	0	0	2	0	2	0	0	0	0	0	0	0	0	0	0	0	0	0	0	0	0	0	0	0	0	0
CGATENSMUST00000029753JUNC00301	0	0	0	0	0	0	0	0	1	0	1	0	0	0	0	0	0	0	0	0	0	0	0	0	0	0	0	0	0	0	0	0
CGATENSMUST00000199243JUNC00304	0	0	0	0	0	0	0	0	0	0	0	0	0	0	0	0	0	0	1	0	0	1	0	0	0	1	0	0	0	0	0	0
CGATENSMUST00000069600JUNC00311	0	0	1	0	1	1	0	0	3	1	3	1	0	0	0	0	0	2	1	4	0	0	0	0	0	0	0	0	0	0	1	2
CGATENSMUST00000069600JUNC00312	1	1	0	0	0	1	0	0	2	1	2	1	0	0	0	0	2	1	3	3	0	0	0	0	0	0	0	0	0	0	1	1
CGATENSMUST00000033480JUNC00313	1	1	6	3	1	2	0	1	2	2	2	2	8	11	14	17	5	5	5	8	0	1	0	1	5	4	4	5	5	4	4	4
CGATENSMUST00000071816JUNC00314	1	1	0	0	5	8	0	0	1	0	1	0	1	1	0	0	0	0	0	0	0	0	0	0	0	0	0	0	0	0	0	0
CGATENSMUST00000202308JUNC00316	0	0	4	2	2	0	0	0	0	3	0	3	2	3	0	0	8	9	1	3	0	0	0	0	2	4	0	1	0	1	0	0
CGATENSMUST00000201421JUNC00317	0	0	0	0	5	6	0	0	0	0	0	0	0	0	0	0	0	0	0	0	0	0	0	0	0	0	0	0	0	0	0	0
CGATENSMUST00000202217JUNC00318	0	0	1	0	26	22	0	0	0	0	0	0	1	0	0	0	2	3	0	0	0	0	0	0	0	1	0	0	0	0	0	0
CGATENSCAFT00000045219JUNC00319	9	7	1	2	0	1	0	1	11	6	11	6	9	7	1	2	10	12	8	10	6	6	0	2	1	0	1	0	1	1	2	0
CGATENSMUST00000079360JUNC00322	0	0	0	0	0	0	0	0	0	0	0	0	0	0	0	0	1	0	0	0	0	0	0	0	0	0	0	0	0	0	0	0
CGATENSMUST00000079360JUNC00323	0	0	0	0	3	1	0	0	1	1	1	1	0	0	0	0	0	0	0	0	0	0	0	0	0	0	0	0	0	0	0	1
CGATENSMUST00000079360JUNC00324	0	0	0	0	0	0	0	0	2	1	2	1	0	0	0	0	0	0	0	0	0	0	0	0	0	0	0	0	0	0	0	0
CGATENSMUST00000099294JUNC00325	2	3	2	2	131	119	3	1	7	2	7	2	3	3	0	0	19	15	6	6	0	0	1	0	2	1	2	5	4	4	7	11
CGATENSMUST00000090685JUNC00327	0	0	0	0	0	0	0	0	0	0	0	0	0	0	0	0	0	2	0	0	0	0	0	0	0	0	1	0	0	0	0	0
CGATENSMUST00000090927JUNC00329	2	5	5	3	14	6	4	4	6	7	6	7	2	2	1	1	7	11	13	16	3	2	11	8	27	29	16	10	8	3	5	4
CGATENSCAFT00000049452JUNC00330	4	7	15	15	13	19	2	3	0	0	0	0	5	5	1	2	17	13	3	5	1	1	1	2	26	20	14	14	3	2	4	6
CGATENSCAFT00000049452JUNC00331	0	0	1	0	0	0	2	0	0	0	0	0	0	0	0	0	0	0	0	0	0	0	0	0	0	0	0	0	0	0	0	0
CGATENSMUST00000069456JUNC00332	0	0	11	9	9	8	2	3	3	2	3	2	5	3	0	1	7	7	5	7	1	1	3	0	4	5	15	9	3	2	12	8
CGATENSMUST00000075304JUNC00334	0	0	0	0	1	1	0	0	0	0	0	0	0	0	0	0	0	0	0	0	0	0	0	0	0	0	0	0	0	0	0	0
CGATENSMUST00000198316JUNC00336	3	5	0	0	14	19	0	0	0	0	0	0	0	0	0	0	0	0	0	0	0	2	0	0	0	0	7	6	0	0	0	0
CGATENSMUST00000130011JUNC00341	1	2	1	0	0	0	0	0	0	0	0	0	0	0	0	0	0	0	0	0	1	0	0	0	0	0	0	1	0	0	0	4
CGATENSMUST00000111291JUNC00342	0	0	0	0	1	1	0	0	0	1	0	1	0	0	0	0	1	1	1	0	0	0	0	0	3	1	0	0	0	0	1	0
CGATENSMUST00000111292JUNC00343	0	0	0	0	0	0	0	0	0	0	0	0	0	0	0	0	0	0	0	0	0	0	0	0	0	0	0	0	0	1	0	0
CGATENSMUST00000109485JUNC00346	0	0	0	0	1	1	0	0	0	1	0	1	0	0	0	0	0	0	0	0	0	0	0	0	0	0	0	0	0	0	0	0
CGATENSMUST00000089317JUNC00350	0	1	0	1	7	5	0	0	1	3	1	3	6	4	7	4	4	4	2	1	1	2	2	3	11	10	3	3	0	0	11	5
CGATENSMUST00000084510JUNC00353	0	0	0	0	0	0	0	0	0	0	0	0	0	0	0	0	1	0	1	0	0	0	0	0	2	1	0	0	0	0	0	0
CGATENSMUST00000084510JUNC00354	0	0	0	0	1	0	0	0	0	0	0	0	1	0	0	0	0	0	1	0	0	0	0	0	1	0	0	0	1	1	0	0
CGATENSMUST00000020411JUNC00355	0	0	0	0	0	0	1	1	0	0	0	0	0	0	0	0	0	0	0	0	0	0	0	0	0	0	0	0	0	0	0	0
CGATENSCAFT00000047433JUNC00358	0	0	0	1	0	0	0	0	0	0	0	0	0	0	0	0	0	1	0	0	0	0	0	0	0	0	0	0	0	0	0	0
CGATENSMUST00000165766JUNC00359	0	0	6	2	0	0	2	2	2	0	2	0	0	0	0	0	2	4	0	0	0	0	1	1	2	3	5	4	1	2	1	0
CGATENSMUST00000168134JUNC00361	0	0	0	0	11	12	0	0	1	1	1	1	1	1	0	0	0	0	0	0	0	0	0	0	1	0	0	1	1	2	0	0
CGATENSMUST00000168134JUNC00362	0	0	0	0	15	13	0	0	0	1	0	1	1	1	0	0	0	0	1	1	1	1	2	0	3	2	5	4	20	18	0	1
CGATENSMUST00000168134JUNC00363	0	1	0	0	3	2	0	1	0	1	0	1	0	0	0	0	0	0	1	0	1	0	0	0	0	1	0	0	0	0	1	1
CGATENSMUST00000168134JUNC00364	0	1	0	0	5	6	0	0	0	0	0	0	0	0	0	0	0	0	0	0	0	0	0	0	0	0	0	0	0	0	0	0
CGATENSMUST00000168134JUNC00365	0	0	0	0	3	7	0	0	0	0	0	0	1	0	1	0	0	0	0	0	0	0	0	0	0	0	0	0	0	0	0	0
CGATENSMUST00000182226JUNC00366	0	0	1	0	4	1	0	0	0	0	0	0	0	0	0	0	0	0	0	0	0	0	0	0	0	0	0	0	0	0	0	0
CGATENSMUST00000182226JUNC00367	0	0	0	0	1	1	0	0	0	1	0	1	0	0	0	0	0	0	0	0	0	0	0	0	0	0	0	0	0	0	0	0
CGATENSCAFT00000027521JUNC00371	1	0	0	0	4	4	0	0	0	0	0	0	0	0	1	0	0	0	0	0	0	0	0	0	1	1	1	1	2	1	0	1
CGATENSMUST00000009344JUNC00372	0	0	0	1	2	2	0	0	1	0	1	0	0	0	0	0	3	4	0	0	0	0	2	0	1	2	0	1	1	1	0	2
CGATENSMUST00000207010JUNC00373	1	2	0	0	2	0	1	1	0	1	0	1	0	0	0	1	3	0	0	1	0	0	2	0	8	8	0	0	3	2	0	0
CGATENSMUST00000205262JUNC00374	10	14	2	1	2	2	0	2	5	7	5	7	10	4	3	1	18	17	6	3	2	2	8	5	26	21	7	4	3	2	10	6
CGATENSMUST00000113231JUNC00375	1	3	5	6	1	1	0	0	0	0	0	0	13	13	2	2	2	5	0	0	0	0	0	0	2	0	4	4	5	5	0	0
CGATENSCAFT00000037345JUNC00378	0	0	0	0	0	0	0	0	3	0	3	0	0	0	0	0	0	1	0	0	0	0	0	0	0	0	0	2	0	0	0	0
CGATENSCAFT00000037345JUNC00379	0	0	0	0	0	1	0	0	0	0	0	0	0	0	0	0	0	0	0	0	0	0	0	0	0	0	1	1	0	0	0	0
CGATENSMUST00000197241JUNC00380	0	0	8	9	1	0	3	2	0	0	0	0	0	1	0	0	1	0	0	0	0	1	0	0	0	0	3	2	0	0	0	0
CGATENSMUST00000197241JUNC00381	1	2	14	4	1	4	4	11	0	4	0	4	8	8	2	4	3	2	0	0	2	1	0	0	4	1	6	10	1	2	2	1
CGATENSMUST00000036299JUNC00382	0	2	2	1	3	1	1	0	0	1	0	1	3	1	0	0	5	3	2	2	0	0	4	1	2	1	5	2	2	1	2	0
CGATENSCAFT00000049590JUNC00384	0	0	0	0	0	0	0	0	0	0	0	0	0	0	0	0	0	0	1	0	0	0	0	0	1	5	0	0	0	0	0	0
CGATENSMUST00000077160JUNC00386	0	0	0	0	3	1	0	0	0	0	0	0	0	0	0	0	0	0	0	0	0	0	0	0	0	0	0	0	0	0	0	0
CGATENSMUST00000106603JUNC00390	1	0	0	0	4	4	0	0	1	1	1	1	0	0	0	0	0	0	0	0	0	0	0	0	0	0	0	2	0	0	0	0
CGATENSMUST00000109395JUNC00391	0	0	0	0	0	0	0	0	1	0	1	0	0	0	0	0	0	0	0	1	0	0	0	0	0	0	1	1	0	0	0	0
CGATENSMUST00000109394JUNC00392	1	0	2	0	0	1	0	0	0	0	0	0	1	3	1	1	2	0	0	0	0	0	1	1	4	6	3	3	0	0	1	0
CGATENSMUST00000021020JUNC00397	0	0	0	0	0	0	0	0	0	0	0	0	0	0	0	0	1	1	0	0	0	0	0	0	0	0	0	0	1	1	0	0
CGATENSMUST00000090040JUNC00398	0	0	0	0	0	0	0	0	1	2	1	2	0	0	0	0	0	0	0	0	0	0	0	0	0	0	0	0	0	0	0	0
CGATENSMUST00000090040JUNC00399	0	0	0	0	0	0	0	0	1	2	1	2	0	0	0	0	0	0	0	0	0	0	0	0	0	0	0	0	0	0	0	0
CGATENSMUST00000108255JUNC00401	0	0	0	0	1	0	0	0	0	0	0	0	0	0	0	0	0	0	0	0	1	0	0	0	1	2	0	0	0	0	0	0
CGATENSCAFT00000014801JUNC00404	0	0	0	0	0	0	0	0	0	0	0	0	0	0	0	0	0	1	0	0	0	0	0	0	0	0	0	0	3	2	0	0
CGATENSMUST00000106845JUNC00405	0	0	0	0	0	0	0	0	0	0	0	0	0	0	0	0	1	0	0	0	0	0	0	0	0	0	0	0	0	0	0	0
CGATENSCAFT00000025396JUNC00410	1	0	0	1	3	4	0	0	1	0	1	0	1	2	2	3	6	9	0	1	0	1	0	3	1	0	5	4	3	2	4	1
CGATENSCAFT00000025396JUNC00411	1	1	4	3	11	9	1	1	0	1	0	1	2	1	1	0	6	4	1	0	1	0	2	1	0	0	9	7	11	12	1	1
CGATENSCAFT00000025396JUNC00412	0	0	0	0	3	3	0	0	0	0	0	0	0	0	0	0	0	0	0	0	0	0	0	0	0	2	0	0	0	2	0	0
CGATENSCAFT00000025396JUNC00413	0	0	0	0	6	6	0	0	1	0	1	0	0	0	0	0	0	0	0	0	0	0	0	0	2	1	0	0	1	1	0	0
CGATENSMUST00000028356JUNC00416	0	0	2	0	0	0	0	0	0	0	0	0	0	1	0	0	0	1	0	0	0	0	0	0	0	0	0	0	0	0	0	0
CGATENSMUST00000163419JUNC00417	0	0	0	0	3	1	0	0	0	0	0	0	0	0	0	2	1	2	1	1	0	0	0	2	1	2	2	0	1	0	0	2
CGATENSMUST00000149322JUNC00418	1	1	0	0	0	0	0	0	0	0	0	0	0	0	0	0	0	0	0	0	0	0	0	0	0	0	0	0	0	0	0	0
CGATENSCAFT00000022521JUNC00419	0	0	0	0	0	0	0	0	0	0	0	0	0	0	0	1	0	0	0	0	0	0	0	0	0	0	0	0	0	0	0	0
CGATENSMUST00000089610JUNC00422	0	0	0	0	10	12	0	0	4	2	4	2	0	0	0	0	1	1	0	0	0	0	0	0	0	0	0	0	0	0	0	0
CGATENSMUST00000089610JUNC00423	0	0	0	0	11	12	0	0	3	1	3	1	0	0	0	0	1	1	0	0	0	0	0	1	0	0	0	0	0	0	0	2
CGATENSMUST00000089610JUNC00424	0	0	0	0	3	2	0	0	0	0	0	0	0	0	0	0	0	1	0	1	0	0	0	0	1	0	0	0	0	0	0	0
CGATENSMUST00000089610JUNC00425	0	0	1	0	5	4	0	0	0	0	0	0	0	0	0	1	1	1	0	1	0	0	1	0	2	3	3	0	0	0	1	0
CGATENSCAFT00000045783JUNC00427	0	0	1	1	0	1	0	0	1	1	1	1	1	1	0	0	2	2	2	2	1	1	0	0	14	15	2	0	4	4	2	1
CGATENSCAFT00000026408JUNC00430	5	4	1	3	29	28	0	4	10	5	10	5	6	5	4	6	32	30	10	7	0	1	5	8	35	34	4	2	13	8	3	8
CGATENSCAFT00000026408JUNC00431	7	6	1	3	25	31	0	3	12	3	12	3	4	4	6	4	38	29	12	6	0	1	5	7	32	34	3	4	5	9	6	9
CGATENSMUST00000084170JUNC00433	0	0	0	0	0	0	0	0	1	0	1	0	0	0	0	0	0	0	0	0	0	0	0	0	0	0	0	0	0	0	0	0
CGATENSCAFT00000047561JUNC00438	0	0	0	0	7	7	0	0	1	0	1	0	0	0	0	0	0	0	0	0	0	0	0	0	0	0	0	1	0	0	0	0
CGATENSMUST00000088614JUNC00439	1	0	0	0	24	19	1	0	1	0	1	0	1	1	1	1	2	1	0	0	0	0	0	0	0	0	0	0	0	0	0	0
CGATENSMUST00000121715JUNC00443	0	0	0	0	0	0	1	0	0	0	0	0	0	0	0	0	0	0	0	0	0	0	0	0	0	0	0	1	0	0	0	0
CGATENSMUST00000109266JUNC00446	1	1	0	1	1	1	1	0	4	2	4	2	1	1	0	0	0	0	3	1	1	0	2	0	2	2	1	0	0	0	3	1
CGATENSMUST00000162349JUNC00447	0	0	0	0	4	4	0	1	0	0	0	0	1	0	0	0	0	1	1	1	0	0	0	0	0	0	1	2	0	0	1	0
CGATENSMUST00000162349JUNC00448	0	0	0	0	14	11	0	0	0	0	0	0	2	0	0	0	0	1	1	1	0	0	0	0	0	0	2	2	1	0	1	0
CGATENSMUST00000020915JUNC00449	0	0	0	1	1	3	0	0	0	1	0	1	1	1	0	0	0	0	0	0	0	1	0	0	1	1	1	2	0	0	0	1
CGATENSMUST00000163569JUNC00450	1	1	2	8	12	16	6	2	4	5	4	5	11	6	4	4	10	9	5	5	0	0	1	3	10	13	4	9	2	2	10	8
CGATENSMUST00000207077JUNC00456	0	0	3	4	1	0	2	1	0	0	0	0	2	2	0	3	0	0	0	0	1	0	2	0	0	0	4	4	0	0	0	1
CGATENSMUST00000199704JUNC00460	0	1	0	2	21	17	0	0	0	0	0	0	1	1	1	0	2	1	0	2	0	0	2	1	1	6	7	9	4	4	9	4
CGATENSCAFT00000002839JUNC00461	0	0	2	0	0	0	0	1	0	0	0	0	0	1	0	0	0	0	0	0	0	0	0	0	0	0	0	1	2	3	2	1
CGATENSMUST00000114859JUNC00464	0	0	0	1	0	0	0	0	0	0	0	0	1	0	0	2	0	0	0	0	0	0	0	0	1	0	1	0	0	0	0	1
CGATENSMUST00000176629JUNC00466	0	0	0	0	0	0	0	0	0	0	0	0	0	0	0	0	0	0	0	1	0	0	0	0	0	0	0	0	0	0	1	0
CGATENSMUST00000088546JUNC00468	3	2	7	11	37	42	5	7	6	5	6	5	32	28	27	33	31	20	20	13	2	1	8	10	47	41	16	7	6	7	23	26
CGATENSMUST00000190052JUNC00470	1	0	0	0	11	8	1	1	2	0	2	0	0	0	0	0	2	0	0	0	1	0	0	0	3	2	0	1	1	1	0	0
CGATENSMUST00000190052JUNC00471	2	2	0	0	17	9	0	0	2	1	2	1	0	0	0	1	2	0	0	1	1	0	0	0	3	3	0	1	0	1	0	0
CGATENSMUST00000107195JUNC00472	0	0	0	0	0	0	0	0	3	1	3	1	0	0	0	0	0	1	0	0	0	0	7	3	0	0	0	0	0	0	0	0
CGATENSMUST00000098871JUNC00473	0	0	0	0	0	0	0	0	1	0	1	0	0	0	0	0	0	0	0	0	0	0	3	2	0	0	0	0	0	0	0	0
CGATENSCAFT00000010542JUNC00476	0	0	0	0	0	1	0	0	0	0	0	0	0	0	0	0	0	0	0	0	0	0	0	0	0	0	0	0	0	0	0	0
CGATENSMUST00000115388JUNC00484	0	1	0	0	5	6	0	0	0	0	0	0	0	0	0	0	0	0	0	0	0	0	0	0	0	0	0	0	0	0	0	0
CGATENSMUST00000115388JUNC00485	0	0	0	0	1	3	0	0	0	0	0	0	0	0	0	0	0	1	1	2	0	0	0	0	1	2	1	0	1	0	0	0
CGATENSMUST00000115388JUNC00486	1	0	0	0	2	0	0	0	0	0	0	0	0	0	0	0	0	0	1	0	0	0	0	0	0	0	0	0	0	0	0	0
CGATENSMUST00000076715JUNC00490	1	3	5	1	9	10	8	5	24	20	24	20	3	3	3	2	17	15	41	42	1	2	16	19	7	9	8	9	4	1	1	2
CGATENSMUST00000109574JUNC00497	6	3	0	1	6	5	0	1	2	0	2	0	6	8	0	0	5	8	3	4	2	0	1	2	1	0	5	3	1	4	2	1
CGATENSMUST00000059042JUNC00499	0	0	0	0	22	23	0	0	0	1	0	1	1	2	1	0	2	3	0	0	0	0	0	0	0	1	1	1	1	1	4	1
CGATENSMUST00000049790JUNC00500	0	1	0	0	8	13	0	0	0	0	0	0	0	0	0	0	0	0	0	0	0	0	0	0	0	0	0	0	0	0	0	0
CGATENSMUST00000049790JUNC00501	0	1	0	0	9	9	0	0	0	0	0	0	0	0	0	0	0	0	0	0	0	0	0	0	0	0	0	0	0	0	0	0
CGATENSMUST00000066824JUNC00502	0	0	0	0	1	1	0	0	0	0	0	0	0	0	0	0	0	1	0	0	1	0	0	0	0	0	0	0	0	0	0	0
CGATENSMUST00000072481JUNC00503	1	1	0	0	12	9	0	0	0	0	0	0	0	0	0	0	2	3	0	1	0	0	0	0	0	0	0	0	0	0	0	0
CGATENSMUST00000031405JUNC00504	0	0	1	2	0	0	3	3	1	1	1	1	7	9	0	0	4	7	0	0	0	0	4	1	0	0	2	3	0	0	3	0
CGATENSMUST00000111564JUNC00507	0	0	0	0	0	0	0	0	1	2	1	2	0	0	0	0	0	0	0	0	0	0	0	0	0	1	0	0	0	0	1	1
CGATENSMUST00000063905JUNC00508	1	1	1	1	7	11	0	0	0	0	0	0	0	0	0	0	1	0	0	0	0	0	0	0	0	0	0	0	0	0	0	0
CGATENSMUST00000063905JUNC00511	4	1	0	0	9	13	0	0	4	5	4	5	2	0	0	0	3	4	1	0	0	1	1	0	0	1	1	1	3	1	1	5
CGATENSMUST00000063905JUNC00512	4	1	1	1	10	14	0	0	4	5	4	5	3	1	0	0	1	4	1	0	0	0	1	2	0	1	1	1	6	3	2	5
CGATENSMUST00000094609JUNC00517	1	0	0	0	1	0	0	0	0	0	0	0	0	2	1	0	4	3	0	0	0	0	0	0	0	2	0	0	0	0	0	0
CGATENSCAFT00000048373JUNC00519	0	0	0	0	0	0	0	0	0	0	0	0	0	0	0	0	0	0	0	0	0	0	0	0	0	1	0	0	0	0	0	0
CGATENSCAFT00000025062JUNC00521	0	0	0	0	5	3	0	0	0	0	0	0	0	0	0	0	0	0	0	0	0	0	0	0	0	0	0	0	0	0	0	0
CGATENSCAFT00000025062JUNC00522	0	0	0	0	4	3	0	0	1	1	1	1	0	0	0	0	0	0	0	0	0	0	0	0	0	0	0	0	0	0	0	0
CGATENSCAFT00000025062JUNC00523	0	0	0	0	24	14	0	0	1	0	1	0	1	0	0	0	1	1	0	0	0	0	1	0	0	0	0	0	0	0	0	0
CGATENSMUST00000088646JUNC00525	0	0	6	7	23	10	1	2	5	16	5	16	41	25	3	4	12	10	4	3	1	2	1	0	8	9	13	11	5	4	9	7
CGATENSMUST00000088644JUNC00527	0	0	1	0	2	1	0	0	1	2	1	2	5	6	0	0	0	0	2	3	0	0	0	0	0	0	0	1	1	0	0	1
CGATENSCAFT00000044406JUNC00528	1	2	0	1	19	14	0	1	5	1	5	1	1	1	0	3	2	2	0	1	0	0	2	3	4	8	2	2	1	2	3	1
CGATENSMUST00000207225JUNC00529	12	10	24	19	30	30	19	19	17	20	17	20	41	33	25	17	39	37	25	25	10	5	13	17	49	59	32	35	6	8	30	30
CGATENSMUST00000190837JUNC00530	0	0	1	2	0	1	2	1	0	0	0	0	1	0	0	0	1	3	0	0	0	0	0	0	3	2	14	11	0	0	0	0
CGATENSMUST00000109261JUNC00531	0	0	0	0	0	1	0	0	0	0	0	0	1	2	0	2	1	1	1	0	0	0	0	0	2	3	1	0	0	0	0	5
CGATENSMUST00000112159JUNC00534	1	0	0	1	6	6	0	2	2	0	2	0	1	4	1	2	3	2	7	6	1	1	1	2	6	4	3	2	3	2	11	10
CGATENSMUST00000100332JUNC00536	1	1	0	0	0	0	0	0	0	0	0	0	0	0	0	0	5	6	0	0	0	0	0	0	0	0	0	0	15	15	0	0
CGATENSMUST00000108049JUNC00537	0	0	0	0	1	1	0	0	1	0	1	0	0	0	0	0	0	0	0	1	0	0	0	0	0	0	0	0	0	0	0	1
CGATENSMUST00000166199JUNC00544	0	0	0	0	1	0	0	0	0	0	0	0	0	0	0	0	0	0	0	0	0	0	0	0	0	0	0	0	0	0	0	0
CGATENSMUST00000074046JUNC00545	0	0	0	0	0	1	0	0	0	0	0	0	0	0	0	0	0	0	0	0	0	0	0	0	0	0	0	0	4	2	0	0
CGATENSMUST00000074046JUNC00546	0	0	0	0	0	1	0	0	0	0	0	0	0	0	0	0	0	0	0	0	0	0	0	0	0	0	0	0	0	1	0	0
CGATENSMUST00000210785JUNC00551	0	0	0	0	1	0	0	0	0	0	0	0	1	1	0	0	0	0	0	0	0	0	0	0	0	0	0	0	1	1	0	0
CGATENSMUST00000079746JUNC00554	12	8	26	19	37	34	10	13	9	9	9	9	20	15	5	8	28	25	14	8	8	10	9	7	50	44	18	22	9	9	2	1
CGATENSMUST00000097837JUNC00558	0	0	30	36	1	0	0	3	1	0	1	0	34	28	0	0	4	1	0	0	5	2	1	0	0	0	7	6	0	0	8	18
CGATENSMUST00000085255JUNC00559	1	0	4	10	0	2	8	8	0	0	0	0	2	2	0	0	0	1	0	0	3	1	1	0	1	1	18	16	2	2	0	2
CGATENSMUST00000085255JUNC00560	0	0	7	2	1	2	6	1	0	4	0	4	1	0	1	1	1	0	0	0	2	0	0	3	1	1	16	23	7	6	3	4
CGATENSMUST00000090924JUNC00562	0	0	0	0	1	1	0	0	0	0	0	0	0	0	0	0	0	0	0	0	0	0	0	0	0	0	0	0	0	0	0	0
CGATENSMUST00000159063JUNC00565	1	1	1	0	0	0	0	2	0	4	0	4	0	0	0	1	0	1	0	1	0	1	2	2	2	1	1	1	1	2	2	1
CGATENSMUST00000197074JUNC00567	0	0	0	0	0	1	0	0	1	2	1	2	0	1	0	0	0	0	0	0	0	0	0	0	0	1	0	0	0	0	2	2
CGATENSMUST00000119464JUNC00568	0	0	1	1	0	0	0	0	0	0	0	0	0	0	0	0	0	0	0	0	0	0	0	0	0	0	0	0	0	0	0	0
CGATENSMUST00000031053JUNC00569	0	0	0	0	0	0	29	28	0	0	0	0	43	34	55	49	0	0	0	0	3	0	0	0	0	0	0	0	0	0	0	0
CGATENSMUST00000100168JUNC00570	0	0	0	0	0	0	0	0	0	0	0	0	0	0	0	0	0	0	0	0	0	0	0	0	1	0	0	0	0	0	0	0
CGATENSCAFT00000018789JUNC00571	0	0	0	0	149	145	0	0	0	0	0	0	0	0	0	0	0	1	0	0	0	0	0	0	0	0	3	0	0	0	0	0
CGATENSCAFT00000018789JUNC00572	0	0	0	1	180	181	0	0	0	0	0	0	0	0	0	0	1	0	0	0	0	0	0	0	0	0	0	2	0	0	0	0
CGATENSCAFT00000018789JUNC00573	0	0	9	9	52	61	1	0	0	0	0	0	0	2	0	0	2	3	0	0	0	0	0	0	0	0	26	29	0	2	0	0
CGATENSCAFT00000031276JUNC00578	3	4	7	4	25	18	3	1	15	4	15	4	89	98	2	2	21	22	20	13	5	5	4	1	8	8	5	8	7	5	3	1
CGATENSCAFT00000031276JUNC00579	6	7	8	5	11	21	5	3	11	9	11	9	89	86	3	3	14	12	17	17	6	3	7	5	10	8	3	3	7	7	3	3
CGATENSMUST00000111930JUNC00580	0	0	0	0	5	1	0	0	0	0	0	0	0	0	0	0	0	0	0	0	0	0	0	0	0	0	0	0	0	0	0	0
CGATENSMUST00000105362JUNC00583	1	3	8	6	12	8	2	4	6	5	6	5	5	5	2	3	10	12	12	4	3	5	9	7	14	11	20	11	16	14	7	7
CGATENSMUST00000105362JUNC00584	4	3	6	3	2	3	1	1	6	3	6	3	3	5	1	1	13	12	7	4	2	4	4	5	8	9	8	10	12	9	6	3
CGATENSMUST00000113780JUNC00585	0	0	0	0	0	1	0	0	0	0	0	0	1	0	0	0	0	0	0	0	0	0	0	0	0	0	0	0	0	0	0	0
CGATENSCAFT00000022782JUNC00587	0	0	0	0	5	2	0	0	0	0	0	0	0	0	0	0	0	0	0	0	0	0	0	0	0	0	0	0	2	1	0	0
CGATENSCAFT00000022782JUNC00588	0	0	0	0	96	81	0	0	0	0	0	0	0	0	0	0	0	0	0	0	0	0	0	0	0	1	0	0	1	1	0	0
CGATENSMUST00000077182JUNC00589	0	0	0	0	2	5	0	0	0	0	0	0	2	0	0	0	0	0	0	0	0	0	0	0	0	0	0	0	0	0	0	0
CGATENSMUST00000164290JUNC00590	0	0	0	0	0	0	0	0	0	0	0	0	0	0	0	0	0	0	0	0	0	0	0	0	0	2	1	0	0	0	0	0
CGATENSMUST00000173516JUNC00591	12	11	3	3	54	50	20	17	5	3	5	3	22	27	3	8	34	40	0	2	0	0	5	2	29	30	10	16	5	6	17	15
CGATENSCAFT00000038867JUNC00592	1	1	0	0	0	0	0	0	1	0	1	0	0	0	0	0	0	2	0	0	0	0	0	0	0	0	0	0	0	0	0	0
CGATENSMUST00000105949JUNC00595	0	0	0	0	0	0	0	0	0	3	0	3	0	0	0	0	0	0	0	0	0	0	0	0	0	0	0	0	0	0	0	0
CGATENSMUST00000107561JUNC00602	0	0	0	0	0	0	0	0	6	5	6	5	0	0	0	0	0	0	0	0	0	0	0	0	0	0	0	0	0	0	0	0
CGATENSCAFT00000005931JUNC00603	0	0	0	0	0	0	0	0	0	0	0	0	0	0	0	0	0	0	0	0	0	0	0	0	0	0	0	0	1	2	0	0
CGATENSCAFT00000005931JUNC00604	1	2	0	0	0	1	0	0	0	0	0	0	1	0	0	0	0	1	0	0	0	0	0	0	0	0	0	0	5	2	0	0
CGATENSMUST00000210074JUNC00606	0	0	0	0	0	0	0	0	0	0	0	0	0	0	0	0	0	1	0	0	0	0	0	0	0	0	0	0	0	0	0	0
CGATENSCAFT00000027790JUNC00607	5	2	0	0	2	1	0	0	1	1	1	1	3	4	0	0	2	0	1	1	0	0	0	0	6	3	0	0	0	0	0	0
CGATENSMUST00000162309JUNC00610	1	0	1	1	3	3	0	0	1	2	1	2	2	2	2	3	4	2	5	0	1	1	6	9	1	1	2	4	2	1	4	3
CGATENSMUST00000162907JUNC00611	2	2	3	0	1	1	0	0	2	3	2	3	1	4	2	2	2	5	5	7	0	0	8	8	3	5	2	3	0	0	2	0
CGATENSCAFT00000045214JUNC00612	0	0	0	0	2	0	0	0	0	0	0	0	1	0	0	0	12	9	0	1	0	0	0	0	0	0	10	8	0	0	1	1
CGATENSCAFT00000005648JUNC00613	1	0	3	3	38	31	0	0	0	0	0	0	1	0	0	0	0	0	0	2	0	0	0	0	0	0	0	0	5	1	1	0
CGATENSCAFT00000005648JUNC00614	0	2	5	4	50	34	0	0	1	1	1	1	0	0	0	0	1	0	1	1	3	2	0	0	1	2	0	0	5	4	0	0
CGATENSCAFT00000005440JUNC00615	0	0	0	0	0	0	0	0	1	0	1	0	0	0	0	0	1	0	0	0	0	3	0	1	0	0	0	0	0	0	0	1
CGATENSMUST00000115472JUNC00616	0	0	0	0	0	0	0	0	1	0	1	0	1	0	0	0	0	0	0	0	0	1	0	0	0	0	1	1	0	0	0	1
CGATENSMUST00000115472JUNC00617	0	0	0	0	1	0	1	0	2	0	2	0	0	0	0	0	3	0	1	0	0	3	0	1	0	0	0	1	0	0	1	1
CGATENSMUST00000075387JUNC00618	1	0	0	0	10	11	0	0	0	0	0	0	0	0	0	0	0	0	0	0	0	0	0	0	0	0	1	0	0	0	0	0
CGATENSMUST00000197425JUNC00619	0	0	0	0	7	3	0	0	0	0	0	0	0	0	0	0	0	0	0	0	0	0	0	0	0	0	0	0	0	0	0	0
CGATENSMUST00000102727JUNC00620	9	10	12	15	20	17	6	3	12	5	12	5	20	10	44	44	20	30	41	44	6	7	6	6	55	52	18	20	3	8	49	47
CGATENSMUST00000079754JUNC00622	0	0	0	0	3	3	0	0	0	0	0	0	0	0	0	0	0	0	0	0	0	0	0	0	0	0	0	0	0	0	0	0
CGATENSMUST00000079754JUNC00623	0	0	0	0	1	2	0	0	0	0	0	0	0	0	0	0	0	0	0	0	0	0	0	0	0	0	0	0	0	0	0	0
CGATENSMUST00000176686JUNC00624	5	10	7	5	16	10	2	2	2	3	2	3	5	6	3	3	5	7	9	15	1	3	7	1	8	9	4	6	5	6	6	6
CGATENSMUST00000114671JUNC00629	0	0	1	0	1	0	0	0	0	0	0	0	0	0	1	0	1	0	0	0	0	0	1	0	0	0	0	0	0	0	0	0
CGATENSCAFT00000007238JUNC00630	0	0	0	0	1	0	0	0	0	0	0	0	0	0	0	0	0	0	0	0	0	0	0	0	0	0	0	0	0	0	0	0
CGATENSCAFT00000007237JUNC00631	0	0	0	0	1	3	0	0	0	0	0	0	0	0	0	0	0	0	0	0	0	0	0	0	0	0	0	0	0	1	0	0
CGATENSMUST00000098495JUNC00632	0	0	0	0	13	11	0	0	0	0	0	0	0	0	0	0	0	0	0	0	0	0	0	0	0	0	0	0	3	4	0	0
CGATENSMUST00000074501JUNC00634	2	3	0	0	9	8	0	0	0	0	0	0	0	0	0	0	0	1	1	4	0	1	0	0	0	1	0	1	1	0	0	0
CGATENSMUST00000071268JUNC00635	0	0	0	0	1	0	0	0	0	0	0	0	1	1	0	0	0	0	0	0	0	0	1	0	0	0	0	1	0	0	0	0
CGATENSCAFT00000047978JUNC00636	6	5	17	15	25	33	4	10	4	8	4	8	21	21	12	15	36	33	20	17	3	7	11	13	35	32	24	27	23	22	29	30
CGATENSCAFT00000047978JUNC00637	9	13	14	12	30	30	8	10	13	21	13	21	24	14	15	17	26	28	22	26	4	6	16	18	26	37	35	32	16	14	27	24
CGATENSCAFT00000043203JUNC00640	0	0	0	0	3	3	0	0	0	0	0	0	0	0	0	0	0	1	1	1	0	0	0	0	3	1	0	2	0	2	0	0
CGATENSCAFT00000043203JUNC00641	0	0	0	0	2	1	0	0	1	0	1	0	0	0	0	0	0	0	0	1	0	0	0	0	0	0	0	2	0	2	0	0
CGATENSCAFT00000043203JUNC00642	0	0	0	0	0	1	0	0	0	0	0	0	0	0	0	0	0	0	1	0	0	0	0	0	2	1	1	0	0	0	0	0
CGATENSCAFT00000043203JUNC00645	0	0	1	2	5	9	1	0	1	2	1	2	3	3	1	1	1	0	10	13	0	0	0	0	2	0	1	2	0	0	1	1
CGATENSCAFT00000043203JUNC00646	0	0	6	4	14	13	1	0	5	0	5	0	2	1	4	3	6	5	23	24	1	0	0	1	4	1	2	0	2	2	1	1
CGATENSCAFT00000043203JUNC00647	1	0	5	4	7	12	0	0	1	0	1	0	5	3	1	0	6	4	17	6	0	0	0	0	0	0	0	0	1	0	0	1
CGATENSCAFT00000043203JUNC00648	1	1	3	5	9	10	0	0	2	1	2	1	1	2	1	2	5	8	14	17	0	0	3	0	2	3	0	2	2	4	1	0
CGATENSCAFT00000043203JUNC00649	0	1	5	1	11	8	0	0	2	3	2	3	3	3	2	3	1	3	6	13	0	1	1	0	0	1	2	0	0	0	0	1
CGATENSCAFT00000043203JUNC00650	0	0	3	4	9	7	0	1	3	2	3	2	2	6	2	1	4	6	22	9	0	1	1	2	1	0	1	0	0	1	1	0
CGATENSMUST00000079838JUNC00651	2	1	0	0	0	0	0	0	0	1	0	1	0	0	0	1	3	2	0	0	0	0	0	0	5	2	0	1	0	0	0	0
CGATENSMUST00000113582JUNC00654	0	0	0	0	0	1	0	0	1	1	1	1	1	1	1	0	2	1	0	0	0	0	0	0	0	0	0	0	0	0	0	0
CGATENSMUST00000042615JUNC00658	0	0	0	1	0	1	0	0	0	1	0	1	0	0	0	0	0	1	0	0	0	0	0	0	0	0	0	0	0	0	0	0
CGATENSMUST00000042615JUNC00659	0	0	2	0	2	1	0	0	0	0	0	0	0	0	0	0	1	2	0	0	0	0	1	0	0	0	2	0	0	0	0	2
CGATENSMUST00000091039JUNC00660	0	1	0	0	2	4	2	2	1	1	1	1	2	0	0	0	2	1	0	0	2	0	0	1	0	0	3	4	0	3	4	3
CGATENSCAFT00000022682JUNC00663	0	1	5	3	25	15	2	0	1	0	1	0	0	0	0	0	2	3	3	0	0	1	0	2	3	1	3	2	0	3	4	1
CGATENSMUST00000109725JUNC00667	0	0	3	2	0	5	1	0	1	0	1	0	0	0	0	0	2	1	1	0	0	0	1	1	4	1	2	0	1	0	3	0
CGATENSMUST00000111867JUNC00669	0	0	2	2	2	6	0	1	3	0	3	0	5	1	0	0	2	0	2	0	0	0	2	1	5	2	3	2	3	1	1	1
CGATENSCAFT00000027252JUNC00672	0	0	0	0	0	0	0	0	1	0	1	0	0	0	0	0	0	0	2	0	0	0	0	1	0	0	1	0	0	0	3	1
CGATENSMUST00000112123JUNC00674	0	0	0	0	1	1	0	0	0	0	0	0	0	0	0	0	0	0	0	0	0	0	1	0	0	0	0	0	0	0	0	0
CGATENSMUST00000106496JUNC00675	0	0	0	0	1	0	0	0	0	0	0	0	0	0	0	0	0	0	0	0	0	0	0	0	5	3	0	0	2	1	0	0
CGATENSMUST00000109236JUNC00677	0	0	0	0	0	0	0	0	0	0	0	0	1	0	1	1	0	0	0	0	0	0	0	0	0	0	0	0	0	0	1	0
CGATENSMUST00000112501JUNC00679	0	0	0	0	0	0	0	0	1	0	1	0	0	0	1	0	1	1	0	1	0	0	2	0	1	1	0	2	0	0	0	1
CGATENSMUST00000111993JUNC00680	0	0	0	1	0	0	0	0	2	0	2	0	1	1	0	0	1	1	0	0	0	0	0	0	0	0	0	2	0	0	1	0
CGATENSMUST00000111993JUNC00681	0	0	0	0	1	0	0	0	0	0	0	0	1	0	0	0	0	0	0	0	0	0	2	0	0	0	0	0	0	0	0	0
CGATENSMUST00000052472JUNC00682	0	0	0	0	8	4	0	1	0	0	0	0	2	2	0	0	0	0	0	0	0	0	0	0	0	0	0	0	0	2	0	0
CGATENSMUST00000052472JUNC00684	0	0	0	0	0	2	0	0	0	0	0	0	0	0	0	0	0	0	0	0	0	0	0	0	0	0	0	0	0	0	0	0
CGATENSCAFT00000032203JUNC00685	0	0	0	0	0	0	0	0	0	0	0	0	0	0	0	0	1	0	0	0	0	0	0	0	0	0	0	0	0	0	0	0
CGATENSMUST00000112877JUNC00686	0	0	0	0	0	0	0	0	0	0	0	0	0	0	0	0	0	0	0	0	0	0	0	0	0	0	0	0	3	3	0	0
CGATENSMUST00000075695JUNC00689	1	0	0	0	2	3	0	0	0	0	0	0	0	0	0	0	0	0	0	0	0	0	0	0	0	0	0	0	0	0	0	0
CGATENSMUST00000075695JUNC00690	0	0	0	0	1	1	0	0	0	0	0	0	0	0	0	0	0	0	0	0	0	0	0	0	0	0	0	0	0	0	0	0
CGATENSMUST00000092777JUNC00691	2	1	0	0	0	0	0	0	0	0	0	0	0	0	0	0	0	0	0	0	0	0	0	0	0	0	0	0	0	0	0	0
CGATENSMUST00000092777JUNC00692	3	1	0	0	3	2	0	0	0	0	0	0	0	0	0	0	0	0	0	0	0	0	0	0	0	0	0	0	0	0	0	0
CGATENSMUST00000112294JUNC00696	0	0	1	1	6	6	3	3	0	0	0	0	0	0	0	0	0	1	1	1	0	0	0	0	0	0	1	0	5	4	5	8
CGATENSMUST00000109746JUNC00701	0	0	0	0	0	0	0	0	0	0	0	0	0	0	0	0	0	0	0	0	0	0	0	0	0	0	0	0	1	0	0	0
CGATENSMUST00000073939JUNC00702	0	0	0	0	0	0	0	0	0	1	0	1	0	0	0	0	0	0	0	0	0	0	0	0	0	0	0	0	0	0	0	0
CGATENSCAFT00000049830JUNC00703	0	0	0	1	3	3	0	0	2	0	2	0	2	3	0	0	2	3	3	4	0	0	1	1	0	0	0	2	0	0	2	2
CGATENSCAFT00000048978JUNC00705	0	0	0	0	0	0	0	0	0	0	0	0	0	0	0	0	0	0	0	0	0	0	0	0	0	1	0	1	1	0	0	0
CGATENSMUST00000154819JUNC00707	0	0	0	0	1	0	0	0	0	0	0	0	0	0	0	0	0	0	0	0	0	0	0	0	0	0	0	0	0	0	1	1
CGATENSMUST00000171796JUNC00708	0	0	0	0	14	10	0	0	0	0	0	0	0	0	0	0	0	0	0	0	0	0	0	0	0	0	0	0	0	0	0	0
CGATENSMUST00000171796JUNC00709	0	0	0	0	11	8	0	0	0	0	0	0	0	0	0	0	0	0	0	0	0	0	0	0	0	0	0	0	0	0	0	0
CGATENSMUST00000112958JUNC00710	4	1	0	0	33	25	0	0	1	0	1	0	0	0	0	0	0	0	0	0	2	1	0	0	0	0	0	1	4	3	2	1
CGATENSMUST00000112958JUNC00711	3	1	0	0	25	25	0	0	0	0	0	0	0	0	0	0	0	0	0	0	2	2	0	0	0	0	0	1	3	5	1	2
CGATENSMUST00000149359JUNC00712	0	0	0	0	22	19	0	0	5	1	5	1	0	2	0	0	8	9	0	0	0	0	0	0	2	1	6	5	0	0	1	1
CGATENSMUST00000194016JUNC00713	0	0	0	0	15	9	0	0	0	0	0	0	0	0	0	0	0	0	0	0	0	0	0	0	0	0	0	0	2	2	0	0
CGATENSMUST00000112428JUNC00714	5	5	5	6	14	18	2	1	2	1	2	1	8	4	0	2	7	8	4	4	5	4	2	1	16	11	10	7	1	2	7	5
CGATENSMUST00000112428JUNC00715	1	0	3	2	20	15	0	0	1	1	1	1	4	5	2	0	3	2	7	6	0	0	1	2	5	10	4	4	3	2	3	3
CGATENSMUST00000072585JUNC00719	0	0	0	0	1	2	1	2	2	0	2	0	0	0	3	2	0	0	0	0	0	0	0	0	0	0	0	3	0	0	1	1
CGATENSMUST00000108292JUNC00722	0	0	0	0	0	0	1	0	0	0	0	0	0	0	0	0	0	0	0	0	0	0	0	0	0	0	0	0	0	0	0	0
CGATENSMUST00000174496JUNC00723	0	1	0	0	0	0	0	0	0	0	0	0	0	0	0	0	9	9	0	0	1	1	0	0	0	1	0	0	0	0	0	1
CGATENSMUST00000173992JUNC00724	0	0	0	0	0	0	0	0	0	0	0	0	0	0	0	0	0	3	0	0	0	0	0	0	0	0	0	0	0	0	0	0
CGATENSCAFT00000044134JUNC00727	0	1	0	1	2	3	0	0	0	0	0	0	4	4	0	0	1	1	0	2	0	0	0	0	1	0	2	0	0	0	1	3
CGATENSCAFT00000038168JUNC00734	1	1	2	1	12	9	0	0	1	0	1	0	2	2	0	0	1	2	4	2	0	0	0	1	1	2	0	1	3	4	4	2
CGATENSCAFT00000038168JUNC00735	0	0	1	0	17	9	0	1	1	0	1	0	1	1	1	1	3	3	9	10	0	0	1	1	4	2	0	0	2	3	1	4
CGATENSCAFT00000038168JUNC00736	0	0	0	1	11	13	0	0	1	0	1	0	1	0	1	1	0	0	4	3	0	0	0	1	2	3	1	0	0	0	0	1
CGATENSCAFT00000038168JUNC00737	0	0	0	2	10	11	0	1	0	1	0	1	1	1	0	0	1	1	7	3	0	0	0	1	4	4	1	2	0	1	2	2
CGATENSMUST00000023138JUNC00741	0	0	0	0	12	11	0	0	1	0	1	0	1	0	0	0	0	0	0	0	0	0	0	0	0	0	1	1	0	1	9	3
CGATENSMUST00000179784JUNC00743	0	0	0	0	17	12	0	0	0	0	0	0	0	0	0	0	0	0	0	0	0	0	0	0	0	0	5	3	0	0	0	0
CGATENSMUST00000179784JUNC00744	0	1	0	0	18	11	0	0	0	0	0	0	0	0	0	0	0	0	0	0	0	0	0	0	0	0	3	2	0	0	0	0
CGATENSMUST00000110424JUNC00745	0	0	0	1	1	3	0	0	0	1	0	1	0	0	1	0	0	1	0	0	0	0	0	0	2	1	2	0	0	0	3	0
CGATENSMUST00000080292JUNC00748	0	0	0	2	0	0	2	1	0	1	0	1	1	2	0	0	11	10	0	1	0	0	1	0	25	27	3	2	0	0	0	0
CGATENSMUST00000114338JUNC00750	0	0	0	0	1	1	1	0	0	1	0	1	2	0	0	0	0	0	0	0	0	0	0	0	0	0	0	0	0	0	0	0
CGATENSMUST00000166426JUNC00751	1	0	3	1	8	12	5	3	6	2	6	2	5	1	1	0	6	4	5	3	1	1	3	3	4	5	3	0	12	10	3	7
CGATENSMUST00000173550JUNC00752	4	7	19	22	6	11	19	19	23	25	23	25	17	18	11	11	33	23	5	11	1	6	28	22	38	39	22	26	10	11	13	6
CGATENSMUST00000173550JUNC00753	7	7	24	18	14	8	14	19	23	17	23	17	17	17	10	14	27	28	10	7	6	2	21	16	35	30	12	22	7	12	4	9
CGATENSMUST00000176565JUNC00754	0	0	2	3	3	2	1	0	0	0	0	0	1	1	1	0	8	12	6	7	2	2	0	1	4	3	3	5	0	0	1	2
CGATENSMUST00000183869JUNC00758	0	0	1	1	3	2	0	0	0	1	0	1	2	0	1	1	5	3	4	1	0	1	2	0	1	2	0	0	0	0	0	2
CGATENSCAFT00000003197JUNC00765	0	0	0	0	4	6	0	0	4	0	4	0	0	0	0	0	1	1	0	0	0	0	0	0	0	0	1	0	1	1	0	0
CGATENSMUST00000020077JUNC00766	0	0	0	0	1	0	0	0	0	0	0	0	0	0	0	0	0	0	0	0	0	0	0	0	0	0	0	0	0	0	0	0
CGATENSCAFT00000008733JUNC00769	0	0	2	1	0	0	0	0	0	0	0	0	1	2	0	0	0	0	0	0	0	0	0	0	0	0	0	0	1	1	0	0
CGATENSMUST00000170068JUNC00777	1	0	0	0	4	2	0	0	0	0	0	0	1	0	0	0	0	0	1	1	0	0	0	0	0	0	0	0	0	0	0	0
CGATENSMUST00000066473JUNC00779	1	1	0	0	5	6	0	0	0	0	0	0	0	0	0	0	0	0	0	0	0	1	0	0	0	1	5	7	0	1	0	1
CGATENSMUST00000066473JUNC00780	1	1	0	0	10	8	0	0	0	0	0	0	0	0	0	0	0	0	0	0	0	0	0	0	0	1	5	9	0	3	0	1
CGATENSMUST00000040986JUNC00785	0	0	0	0	0	0	0	0	0	0	0	0	0	0	0	0	0	0	0	0	0	0	0	0	0	0	1	1	1	1	0	0
CGATENSCAFT00000046883JUNC00786	0	0	0	0	1	1	0	0	2	1	2	1	0	0	0	0	1	2	4	4	0	0	0	0	0	1	0	1	1	0	1	2
CGATENSCAFT00000046883JUNC00787	1	0	0	0	1	1	0	0	1	0	1	0	0	0	0	0	2	2	4	1	0	0	0	0	1	1	0	1	1	0	0	0
CGATENSMUST00000040056JUNC00788	0	0	0	0	1	3	0	0	0	1	0	1	0	0	0	0	0	0	0	0	0	0	0	0	0	0	0	0	0	1	0	0
CGATENSMUST00000040056JUNC00789	0	0	0	0	2	2	0	0	0	1	0	1	0	0	0	0	0	0	0	0	0	0	0	0	0	0	0	0	0	0	0	0
CGATENSCAFT00000003422JUNC00795	0	0	0	0	7	3	0	0	0	0	0	0	0	0	0	0	0	0	0	0	0	0	0	0	0	0	0	0	8	8	0	0
CGATENSCAFT00000003422JUNC00796	0	0	0	0	59	70	0	0	2	0	2	0	0	0	0	0	1	0	0	0	0	0	0	0	1	0	0	0	22	23	0	0
CGATENSMUST00000019374JUNC00798	0	0	0	0	0	0	0	0	0	0	0	0	0	0	1	0	2	2	8	6	0	0	0	0	0	0	0	0	4	3	0	0
CGATENSMUST00000097820JUNC00803	6	1	1	0	47	49	1	0	3	3	3	3	19	16	1	1	4	3	8	8	1	0	1	0	17	18	2	1	2	0	3	0
CGATENSMUST00000081362JUNC00804	0	0	0	0	0	0	0	0	1	0	1	0	0	0	0	0	0	0	0	0	0	0	0	0	0	0	0	0	0	0	0	0
CGATENSMUST00000047502JUNC00808	0	0	3	6	0	1	0	1	2	1	2	1	1	7	1	1	1	0	3	0	1	1	1	0	1	0	2	1	1	0	1	1
CGATENSMUST00000116437JUNC00809	0	0	0	0	0	0	0	1	3	0	3	0	0	0	0	0	0	1	0	0	1	0	0	0	0	0	0	0	0	0	0	0
CGATENSMUST00000116437JUNC00810	0	0	0	0	0	0	0	1	3	0	3	0	0	0	0	0	0	0	0	0	1	0	0	0	0	0	0	0	0	0	0	0
CGATENSMUST00000081154JUNC00812	0	0	0	0	1	1	0	0	1	0	1	0	0	0	1	0	0	0	1	1	1	0	0	1	0	0	0	0	0	0	0	1
CGATENSMUST00000081154JUNC00813	0	1	1	1	3	1	0	0	1	2	1	2	0	0	1	0	2	2	2	1	0	0	1	1	3	2	2	1	0	0	1	1
CGATENSMUST00000081154JUNC00814	0	0	3	5	10	6	1	2	0	0	0	0	2	3	1	2	7	2	5	3	3	1	0	0	8	8	3	2	2	0	4	8
CGATENSMUST00000053361JUNC00816	0	0	1	0	1	0	0	0	0	0	0	0	2	1	0	2	2	0	0	0	1	0	3	3	1	1	2	0	0	0	3	3
CGATENSMUST00000089404JUNC00817	0	0	1	0	0	0	1	1	0	0	0	0	3	2	0	0	0	0	1	1	0	0	0	0	0	1	0	0	0	1	0	0
CGATENSMUST00000113463JUNC00820	0	0	1	0	2	3	0	0	1	0	1	0	3	3	0	0	2	1	0	0	0	0	0	0	0	2	4	3	5	6	2	1
CGATENSMUST00000107110JUNC00821	0	0	0	0	0	2	0	0	0	0	0	0	0	0	0	0	0	0	1	0	0	0	0	0	0	0	0	0	9	5	0	0
CGATENSMUST00000008633JUNC00822	0	0	0	0	4	0	0	0	0	0	0	0	0	0	0	0	0	0	0	0	0	0	0	0	0	0	0	0	0	0	0	0
CGATENSMUST00000107120JUNC00823	0	0	0	0	6	9	0	0	0	0	0	0	0	0	0	0	0	0	0	0	0	0	0	0	0	0	0	0	5	3	0	0
CGATENSMUST00000020153JUNC00826	0	0	0	0	0	0	0	0	0	0	0	0	0	0	0	0	0	0	0	0	0	0	0	0	0	0	0	0	1	0	1	0
CGATENSMUST00000036680JUNC00827	0	0	0	0	0	0	0	0	0	0	0	0	0	0	0	0	0	0	0	0	0	0	0	0	0	0	0	0	0	0	1	0
CGATENSMUST00000054594JUNC00830	1	0	0	0	0	0	0	0	0	0	0	0	0	0	0	0	0	0	0	0	0	0	0	0	0	0	0	0	0	0	0	0
CGATENSMUST00000028691JUNC00832	1	1	9	7	1	0	3	0	14	18	14	18	5	4	7	3	23	14	0	2	11	5	10	22	5	7	21	17	0	0	30	23
CGATENSMUST00000028691JUNC00833	0	0	8	8	0	0	2	1	10	14	10	14	4	5	5	3	19	15	1	2	11	6	15	21	4	9	20	25	0	0	32	30
CGATENSMUST00000107786JUNC00835	0	0	0	0	0	1	0	0	0	0	0	0	0	0	0	0	0	0	0	1	0	0	0	0	0	0	0	0	0	0	0	0
CGATENSMUST00000161166JUNC00836	0	0	0	0	0	0	0	0	0	0	0	0	0	0	0	0	3	3	1	1	0	0	0	0	1	0	0	0	0	0	0	0
CGATENSMUST00000076383JUNC00837	0	1	0	0	7	6	0	0	1	0	1	0	1	1	0	0	5	4	0	0	1	1	0	0	0	0	1	2	0	1	1	1
CGATENSMUST00000026858JUNC00838	0	0	0	0	0	0	0	0	0	0	0	0	0	0	0	0	0	0	0	0	0	0	0	0	0	0	1	1	2	2	0	0
CGATENSMUST00000115556JUNC00841	1	0	0	0	0	1	0	0	0	0	0	0	0	0	0	0	0	0	0	0	0	0	0	0	0	0	1	0	0	0	0	0
CGATENSMUST00000183209JUNC00847	0	0	1	2	0	0	0	0	0	0	0	0	0	0	0	0	1	0	1	0	0	0	0	0	0	0	0	0	0	0	0	0
CGATENSMUST00000183209JUNC00848	0	0	2	2	3	2	1	0	0	0	0	0	1	0	0	0	7	5	13	6	0	0	2	1	0	0	0	1	1	0	0	0
CGATENSMUST00000183209JUNC00849	0	0	0	0	1	1	0	0	0	0	0	0	0	0	0	0	2	0	0	0	0	0	0	0	2	0	0	0	0	0	0	0
CGATENSMUST00000110849JUNC00854	0	0	3	2	1	1	0	0	1	1	1	1	2	0	0	0	0	0	1	0	2	0	0	0	1	3	1	0	3	2	2	1
CGATENSMUST00000073279JUNC00855	0	0	0	0	0	1	0	0	0	0	0	0	1	1	0	1	0	0	0	0	0	0	0	0	0	1	0	0	0	0	0	0
CGATENSMUST00000192491JUNC00856	0	0	0	0	1	0	0	0	0	0	0	0	0	0	2	0	0	0	0	1	0	0	0	0	0	0	0	0	0	0	0	0
CGATENSMUST00000112127JUNC00860	0	0	0	1	4	6	0	0	0	0	0	0	0	0	0	0	1	2	1	0	0	0	0	0	0	0	0	0	0	0	1	2
CGATENSCAFT00000024036JUNC00867	3	2	2	1	9	11	0	1	3	3	3	3	5	4	3	1	29	19	5	5	1	0	0	0	26	28	4	7	2	2	12	6
CGATENSMUST00000199256JUNC00868	0	1	0	1	0	1	1	0	2	0	2	0	2	2	1	3	6	15	4	2	0	1	2	0	7	7	1	1	1	0	5	2
CGATENSMUST00000041609JUNC00869	0	0	0	0	0	0	0	0	0	0	0	0	1	0	0	0	0	0	0	0	0	0	0	0	0	0	0	0	0	0	0	0
CGATENSMUST00000039537JUNC00870	0	0	2	0	2	4	2	0	3	1	3	1	5	3	1	0	2	1	0	0	0	1	0	1	3	1	1	0	2	0	2	2
CGATENSCAFT00000049281JUNC00872	0	0	1	1	2	1	0	0	1	1	1	1	0	0	0	0	0	0	0	1	0	0	0	1	2	0	0	0	7	3	0	0
CGATENSCAFT00000023185JUNC00877	0	0	21	12	16	14	10	7	1	0	1	0	11	13	3	5	5	8	2	3	1	1	1	3	9	15	8	6	5	2	7	10
CGATENSCAFT00000048677JUNC00878	7	6	11	9	26	22	1	2	7	2	7	2	36	37	6	3	8	12	5	5	1	1	4	3	4	5	4	5	4	5	17	15
CGATENSMUST00000027287JUNC00881	0	0	5	4	7	13	3	3	4	0	4	0	1	0	1	0	2	3	2	1	0	0	0	0	0	0	1	1	0	0	0	5
CGATENSMUST00000058307JUNC00882	1	0	0	0	1	0	0	0	1	0	1	0	0	0	0	0	0	0	1	2	0	0	0	0	0	0	0	0	1	0	0	0
CGATENSMUST00000167525JUNC00883	0	1	0	0	3	5	1	1	0	0	0	0	1	1	2	1	0	0	1	0	0	0	0	0	0	0	0	0	2	1	1	0
CGATENSMUST00000120204JUNC00891	0	0	0	0	6	7	1	3	0	0	0	0	0	0	0	0	2	1	0	0	0	0	0	0	0	0	0	0	0	0	2	0
CGATENSMUST00000120204JUNC00892	8	7	0	2	51	40	3	2	0	1	0	1	2	3	0	0	1	1	4	2	0	0	0	0	3	3	3	3	2	3	0	0
CGATENSMUST00000120204JUNC00893	1	1	0	1	24	23	0	0	0	1	0	1	0	0	0	0	0	0	1	0	0	0	0	0	0	0	0	0	0	0	0	0
CGATENSMUST00000121049JUNC00894	0	0	0	0	6	8	0	1	0	0	0	0	0	0	0	0	0	0	0	0	0	0	0	0	0	0	0	0	0	0	0	0
CGATENSMUST00000087320JUNC00896	0	0	0	0	1	3	0	0	0	0	0	0	0	0	1	0	0	0	0	0	0	0	0	0	1	0	0	0	0	0	0	0
CGATENSMUST00000087320JUNC00897	1	0	2	2	1	4	0	0	0	0	0	0	0	0	0	0	1	3	1	1	0	0	0	0	4	0	1	2	2	0	0	2
CGATENSCAFT00000007444JUNC00898	0	0	0	0	0	2	0	0	1	0	1	0	0	0	0	0	0	0	0	0	0	2	0	0	3	3	0	0	0	0	0	0
CGATENSCAFT00000045043JUNC00899	0	0	0	0	1	2	0	0	1	1	1	1	0	0	0	0	0	0	0	0	0	0	0	0	0	0	1	1	0	0	0	0
CGATENSCAFT00000045043JUNC00900	0	0	0	1	12	13	0	0	2	2	2	2	0	0	0	0	0	0	0	0	0	0	0	0	0	0	0	0	0	0	0	0
CGATENSCAFT00000045043JUNC00901	0	1	0	0	1	4	0	0	1	1	1	1	0	0	0	0	0	0	0	0	0	0	0	0	0	0	0	0	0	0	0	0
CGATENSCAFT00000045043JUNC00902	0	0	1	1	3	3	0	1	0	2	0	2	2	1	0	0	2	1	0	0	1	3	1	2	1	3	4	3	0	0	1	0
CGATENSMUST00000095087JUNC00903	0	0	0	0	3	4	0	0	5	2	5	2	0	1	0	0	0	0	0	0	0	0	0	0	0	0	0	0	3	3	0	0
CGATENSMUST00000095087JUNC00904	0	0	0	0	18	25	0	0	0	1	0	1	0	0	0	0	0	0	1	0	0	0	0	0	0	0	0	0	0	1	0	0
CGATENSMUST00000091146JUNC00905	1	3	7	4	34	34	5	2	3	4	3	4	7	6	2	1	14	23	6	4	0	3	9	3	25	28	5	7	10	10	13	13
CGATENSMUST00000193547JUNC00906	11	9	0	1	48	51	0	0	1	0	1	0	0	1	0	1	4	1	2	2	0	0	0	0	2	4	5	4	1	1	1	1
CGATENSMUST00000166811JUNC00907	3	6	0	0	38	25	0	0	0	0	0	0	0	0	0	0	0	0	2	2	0	0	0	2	0	0	0	0	2	0	1	1
CGATENSMUST00000188106JUNC00910	1	0	1	0	1	1	0	0	0	0	0	0	1	0	1	0	2	3	0	0	2	1	0	0	0	0	0	1	0	0	0	1
CGATENSMUST00000188106JUNC00911	1	1	0	0	0	0	0	0	0	0	0	0	0	0	0	0	0	2	0	0	2	1	0	0	0	1	2	1	0	0	0	0
CGATENSMUST00000188106JUNC00912	0	1	0	0	0	0	0	0	0	0	0	0	0	0	0	0	0	0	0	0	0	0	0	0	0	0	0	0	0	0	0	1
CGATENSMUST00000112825JUNC00913	0	0	0	0	0	0	0	0	0	0	0	0	0	0	0	0	0	0	0	0	0	0	0	0	0	0	0	1	0	0	0	0
CGATENSMUST00000207655JUNC00915	0	0	3	2	4	5	1	1	2	3	2	3	7	5	0	0	2	3	4	6	1	1	0	1	6	5	3	2	1	1	2	3
CGATENSMUST00000045279JUNC00916	0	0	0	0	0	0	0	0	0	0	0	0	0	0	1	0	0	0	0	0	0	0	0	0	0	0	0	0	0	0	0	0
CGATENSMUST00000164215JUNC00918	0	0	0	0	2	7	0	0	0	1	0	1	0	0	0	0	0	0	0	0	0	0	0	0	0	0	0	2	0	0	0	0
CGATENSCAFT00000012325JUNC00924	5	2	7	5	4	5	5	4	5	0	5	0	5	5	0	3	2	1	0	0	2	1	1	0	3	4	8	5	4	2	4	4
CGATENSCAFT00000012325JUNC00925	3	1	3	5	5	7	3	5	6	1	6	1	5	6	0	1	4	4	0	0	0	1	2	0	4	5	5	8	1	1	3	3
CGATENSCAFT00000012325JUNC00926	19	19	5	8	29	22	8	7	20	15	20	15	12	16	9	5	16	22	42	39	1	1	16	7	23	19	8	11	28	16	12	14
CGATENSCAFT00000012333JUNC00927	2	0	0	0	0	1	0	0	0	0	0	0	2	1	0	2	0	0	0	0	0	0	1	0	0	1	1	1	3	1	1	2
CGATENSCAFT00000047767JUNC00928	1	0	0	0	0	0	0	0	0	0	0	0	2	0	0	0	0	1	1	0	0	0	0	0	7	6	0	0	0	0	0	0
CGATENSCAFT00000024956JUNC00929	1	1	2	6	8	8	7	7	9	18	9	18	4	3	0	1	9	10	11	16	1	0	8	11	11	7	6	5	3	2	3	1
CGATENSCAFT00000013674JUNC00930	0	0	0	0	2	1	0	0	0	0	0	0	0	0	0	0	0	0	0	0	0	0	0	0	0	0	0	0	0	0	0	0
CGATENSCAFT00000014916JUNC00931	0	0	0	0	0	0	0	0	0	0	0	0	0	0	0	0	0	0	0	0	0	0	0	0	0	0	0	1	0	0	0	0
CGATENSMUST00000099355JUNC00932	1	0	0	0	1	1	0	0	3	0	3	0	0	1	0	0	2	0	11	6	0	1	1	0	2	2	0	2	1	0	2	2
CGATENSMUST00000112658JUNC00933	0	0	0	0	9	8	0	0	0	0	0	0	0	0	0	0	0	0	0	0	0	0	0	0	0	0	0	2	0	0	0	0
CGATENSMUST00000112658JUNC00934	0	0	0	0	6	9	0	0	0	0	0	0	0	0	0	0	0	0	0	0	0	0	0	0	0	0	0	2	0	0	0	0
CGATENSMUST00000170361JUNC00935	0	0	0	0	0	0	0	0	1	0	1	0	0	0	0	0	0	0	0	0	0	0	0	0	0	0	0	0	0	0	0	0
CGATENSMUST00000106151JUNC00938	0	1	2	1	7	4	9	8	1	1	1	1	6	3	1	1	1	3	1	0	1	1	2	2	3	6	0	5	29	22	2	7
CGATENSMUST00000027434JUNC00939	0	0	0	0	0	0	0	0	0	0	0	0	0	1	0	0	1	0	1	1	0	0	0	0	0	0	0	0	0	1	0	1
CGATENSMUST00000093381JUNC00940	0	0	0	0	0	0	1	0	0	0	0	0	0	0	0	0	7	4	0	0	0	0	0	0	0	0	0	0	0	0	0	0
CGATENSMUST00000109722JUNC00941	0	0	0	0	0	0	0	0	0	0	0	0	0	0	0	0	1	2	1	0	0	0	0	0	12	11	3	1	0	0	0	1
CGATENSMUST00000114085JUNC00944	0	0	0	0	0	0	0	0	0	0	0	0	0	0	0	0	0	1	0	0	0	0	0	0	0	0	0	0	0	0	0	0
CGATENSMUST00000098938JUNC00947	0	0	0	0	11	17	0	0	0	0	0	0	0	0	0	0	0	0	0	0	0	0	0	0	0	0	0	0	0	0	0	0
CGATENSCAFT00000022679JUNC00948	0	0	1	0	0	0	0	0	0	0	0	0	55	48	0	0	0	0	0	0	0	0	0	0	0	0	0	0	0	0	0	0
CGATENSCAFT00000022679JUNC00949	0	0	0	0	0	0	0	0	0	0	0	0	57	47	0	0	0	0	0	0	0	0	0	0	0	0	0	0	0	0	0	0
CGATENSCAFT00000012642JUNC00953	0	0	0	0	3	2	0	0	0	0	0	0	0	0	0	0	1	0	0	0	0	0	0	0	0	0	0	0	0	0	0	0
CGATENSCAFT00000032310JUNC00954	0	0	9	6	0	0	2	1	0	0	0	0	1	1	0	0	0	0	0	0	0	0	0	0	0	0	1	1	0	0	0	0
CGATENSCAFT00000047721JUNC00959	0	0	0	0	1	0	0	0	0	0	0	0	1	2	0	0	0	0	1	1	0	0	1	0	0	0	5	3	0	0	0	0
CGATENSCAFT00000047721JUNC00960	0	0	0	0	0	0	2	0	0	0	0	0	1	0	0	0	7	3	1	1	0	0	0	0	0	0	1	1	0	0	0	1
CGATENSMUST00000184139JUNC00962	0	0	9	8	7	4	7	5	3	2	3	2	12	9	3	3	2	3	5	2	5	3	0	0	1	0	9	7	14	9	28	23
CGATENSMUST00000184139JUNC00963	3	5	13	11	9	5	10	8	4	3	4	3	28	27	6	4	6	5	4	3	2	4	0	1	4	6	11	8	24	26	42	35
CGATENSMUST00000184139JUNC00964	3	3	3	4	5	2	2	2	0	1	0	1	5	7	0	1	3	3	0	0	1	0	0	0	2	1	5	5	2	3	8	16
CGATENSMUST00000028293JUNC00966	0	0	2	1	2	4	1	0	2	1	2	1	4	2	1	2	4	5	0	0	0	0	2	2	1	0	2	0	3	3	2	1
CGATENSMUST00000113234JUNC00969	1	0	6	4	11	10	3	3	2	4	2	4	7	6	1	0	4	4	3	2	0	0	2	1	2	2	4	8	0	0	2	3
CGATENSCAFT00000010383JUNC00970	5	5	6	5	10	15	4	2	4	1	4	1	3	4	2	2	8	10	6	4	1	1	1	0	6	7	1	2	4	4	3	11
CGATENSMUST00000092844JUNC00972	0	0	0	0	2	2	0	0	0	0	0	0	0	0	0	0	0	0	0	0	0	0	0	0	0	0	0	0	3	3	1	1
CGATENSMUST00000021033JUNC00973	0	0	0	0	1	0	1	0	0	0	0	0	0	0	0	0	0	0	0	0	0	0	0	0	0	0	0	0	0	0	0	0
CGATENSMUST00000159634JUNC00976	0	0	0	0	0	0	0	0	0	0	0	0	0	1	0	0	0	0	0	0	0	0	0	0	0	0	0	0	0	0	0	0
CGATENSMUST00000203187JUNC00977	0	0	3	1	0	0	0	2	0	2	0	2	0	1	0	0	1	3	0	0	1	0	1	3	1	0	5	3	1	1	0	0
CGATENSMUST00000193042JUNC00980	1	1	0	0	1	1	0	0	0	0	0	0	0	0	0	0	0	0	0	0	0	0	0	0	1	0	0	0	0	0	0	0
CGATENSMUST00000108508JUNC00981	0	0	0	0	0	0	0	0	0	1	0	1	0	0	0	0	0	0	0	0	0	0	0	0	0	0	0	0	0	0	0	0
CGATENSMUST00000209992JUNC00985	0	0	0	0	0	0	0	0	0	0	0	0	0	0	0	0	0	1	0	0	0	0	0	0	0	0	0	0	0	0	0	0
CGATENSMUST00000077642JUNC00987	0	1	1	1	30	34	0	1	0	0	0	0	1	0	0	0	2	3	5	4	0	1	0	0	1	0	1	0	2	2	0	0
CGATENSMUST00000115358JUNC00989	2	1	0	1	14	10	1	1	1	0	1	0	2	3	0	0	1	2	0	1	0	0	0	0	1	1	1	2	0	1	1	4
CGATENSMUST00000115358JUNC00990	2	2	1	1	13	10	0	0	1	0	1	0	2	4	0	0	1	3	0	1	0	0	0	0	2	1	0	1	0	1	2	5
CGATENSCAFT00000049647JUNC00993	0	0	0	0	0	0	0	1	0	0	0	0	1	0	0	0	0	1	0	0	0	0	1	0	1	1	0	1	0	0	0	0
CGATENSMUST00000039318JUNC00994	3	1	1	2	15	10	1	3	0	2	0	2	11	19	14	7	12	9	6	4	0	2	1	1	2	1	7	15	4	7	13	7
CGATENSMUST00000046755JUNC00996	0	0	6	6	3	0	1	10	0	0	0	0	1	1	0	1	0	3	0	0	1	1	3	2	0	0	5	3	1	0	0	0
CGATENSMUST00000046755JUNC00997	0	0	9	7	0	1	3	3	0	1	0	1	2	0	1	1	4	2	0	0	0	1	2	2	0	0	4	4	1	0	0	1
CGATENSMUST00000163123JUNC01005	0	0	0	0	1	3	0	0	0	0	0	0	0	0	0	0	0	0	0	0	0	0	0	0	0	0	0	0	0	0	0	0
CGATENSCAFT00000050149JUNC01006	0	0	2	1	0	0	0	0	0	0	0	0	1	1	2	0	10	15	0	0	0	0	0	0	0	0	0	0	0	0	0	0
CGATENSCAFT00000050149JUNC01007	0	0	4	3	1	3	0	0	3	0	3	0	1	1	0	0	6	7	5	13	0	0	0	0	4	1	1	0	0	0	0	0
CGATENSCAFT00000050149JUNC01008	0	0	5	4	4	4	1	1	2	0	2	0	4	3	0	0	20	25	16	15	0	0	4	4	3	2	2	0	0	0	2	1
CGATENSCAFT00000050149JUNC01009	3	3	5	4	2	2	2	1	2	1	2	1	0	2	1	0	26	22	17	17	0	0	1	0	7	6	5	1	0	0	0	2
CGATENSCAFT00000050149JUNC01010	0	0	10	6	4	5	0	1	2	0	2	0	2	2	3	3	25	25	19	15	0	0	1	3	8	13	1	1	0	0	3	1
CGATENSCAFT00000050149JUNC01011	0	0	4	5	0	2	0	0	4	1	4	1	1	0	2	1	27	27	13	20	0	0	3	1	3	3	2	3	0	0	0	2
CGATENSCAFT00000050149JUNC01012	0	1	3	3	4	4	2	0	0	3	0	3	1	3	1	1	29	19	10	9	0	1	1	2	3	4	1	1	1	0	2	0
CGATENSCAFT00000050149JUNC01013	12	13	19	17	9	13	2	8	8	10	8	10	24	21	19	15	76	97	40	35	5	7	71	62	21	23	15	13	8	6	40	38
CGATENSCAFT00000050149JUNC01014	12	10	17	16	11	13	2	7	10	5	10	5	22	26	18	14	100	119	43	34	4	4	64	59	28	26	22	17	9	6	43	36
CGATENSMUST00000082108JUNC01015	0	0	0	1	9	13	0	0	1	0	1	0	0	0	0	0	5	2	0	0	0	0	0	0	1	1	0	0	0	0	0	0
CGATENSMUST00000082108JUNC01016	0	0	0	0	27	23	0	1	0	0	0	0	0	1	0	0	23	28	1	1	0	0	0	0	4	5	0	0	0	0	0	1
CGATENSMUST00000082108JUNC01017	0	0	0	0	2	4	0	0	0	0	0	0	0	0	0	0	0	0	0	0	0	0	0	0	0	0	0	0	0	0	0	0
CGATENSMUST00000082108JUNC01018	1	1	0	0	7	8	0	0	0	0	0	0	0	0	0	0	0	0	0	0	0	0	0	0	0	0	0	0	0	0	0	0
CGATENSCAFT00000015898JUNC01024	0	0	0	0	6	5	0	0	0	0	0	0	0	0	0	0	0	0	0	0	5	5	0	0	0	0	0	0	1	1	0	0
CGATENSCAFT00000015898JUNC01025	0	0	0	0	13	14	0	0	0	0	0	0	0	0	0	0	0	0	0	0	8	3	0	0	0	0	0	0	0	0	0	0
CGATENSMUST00000018971JUNC01026	0	0	0	0	1	2	0	0	0	0	0	0	0	0	0	0	0	0	0	0	0	0	0	0	0	0	0	0	0	0	0	0
CGATENSMUST00000081291JUNC01037	0	0	1	1	1	1	0	0	0	0	0	0	0	0	0	0	0	0	2	0	0	0	0	0	0	0	0	0	0	0	0	0
CGATENSMUST00000115666JUNC01038	1	2	4	7	11	7	2	2	4	3	4	3	3	6	1	2	9	7	4	8	2	1	3	5	15	12	4	8	4	5	7	3
CGATENSCAFT00000035418JUNC01039	0	0	3	2	0	2	0	0	1	0	1	0	13	13	3	3	1	0	2	2	3	1	0	1	1	1	1	0	1	1	0	1
CGATENSCAFT00000035418JUNC01040	0	0	1	1	0	0	0	1	0	0	0	0	2	4	1	1	2	4	2	1	3	1	3	0	0	0	0	0	1	0	5	0
CGATENSCAFT00000035418JUNC01041	3	3	0	0	3	1	5	4	3	2	3	2	14	15	3	3	5	7	3	3	4	7	6	5	3	6	1	1	3	2	1	4
CGATENSCAFT00000047827JUNC01046	1	0	0	0	9	6	0	1	0	0	0	0	0	0	0	0	0	0	1	0	0	0	0	0	0	0	1	1	0	0	0	1
CGATENSCAFT00000047827JUNC01047	0	0	0	1	3	7	0	0	0	0	0	0	0	0	0	0	0	0	0	0	0	0	0	0	0	0	2	3	0	0	4	0
CGATENSCAFT00000047827JUNC01048	0	0	0	0	2	4	0	0	0	0	0	0	0	0	0	0	0	0	0	0	0	0	0	0	0	0	0	0	0	1	1	2
CGATENSCAFT00000047827JUNC01049	0	0	0	0	3	4	0	0	0	0	0	0	0	0	0	0	0	0	0	0	0	0	0	0	0	0	0	0	3	1	0	1
CGATENSCAFT00000047827JUNC01050	1	0	0	0	14	8	0	0	0	0	0	0	0	0	0	0	0	0	1	2	0	0	0	0	0	0	3	1	1	0	0	1
CGATENSMUST00000167346JUNC01052	0	3	2	1	2	2	0	1	2	0	2	0	2	1	0	0	3	5	2	0	0	0	1	1	3	5	0	3	1	2	4	3
CGATENSMUST00000162517JUNC01054	0	0	0	0	0	0	0	0	0	0	0	0	0	0	0	0	0	0	0	0	0	0	1	1	0	0	0	0	1	0	0	0
CGATENSCAFT00000048895JUNC01059	0	0	0	0	0	1	0	0	0	0	0	0	0	0	0	0	2	2	0	0	0	0	0	0	1	1	0	0	0	0	1	0
CGATENSCAFT00000048895JUNC01060	0	0	0	0	0	0	0	0	1	0	1	0	0	0	0	0	0	0	0	0	0	0	0	0	0	0	0	0	1	0	1	0
CGATENSMUST00000212121JUNC01062	3	0	0	0	4	4	2	0	4	0	4	0	6	4	1	2	2	4	7	7	0	0	1	7	2	4	6	5	3	3	2	2
CGATENSMUST00000210428JUNC01063	0	0	0	0	1	0	0	0	0	0	0	0	0	0	0	0	0	0	0	0	0	0	0	0	0	0	0	0	0	0	0	0
CGATENSMUST00000117915JUNC01064	0	0	0	0	10	8	0	0	0	1	0	1	1	0	0	0	0	0	0	1	0	0	0	0	0	0	0	0	0	0	0	0
CGATENSMUST00000107043JUNC01066	0	0	0	0	1	1	0	0	0	0	0	0	0	0	0	0	0	0	0	0	0	0	0	0	1	0	0	0	0	0	0	0
CGATENSMUST00000166968JUNC01067	0	0	0	0	0	1	0	0	0	0	0	0	0	0	0	0	0	0	0	0	0	0	0	0	0	0	0	0	0	0	0	0
CGATENSMUST00000115228JUNC01069	1	2	0	0	12	11	1	0	2	0	2	0	1	1	0	0	5	3	3	2	2	0	7	2	6	13	6	7	3	1	2	2
CGATENSMUST00000117509JUNC01070	0	0	0	0	0	0	0	0	0	0	0	0	0	0	0	0	0	0	0	0	0	0	1	0	0	0	1	3	1	1	0	0
CGATENSMUST00000117509JUNC01071	0	0	0	0	0	0	0	0	1	0	1	0	0	0	0	0	0	0	0	0	0	0	1	0	0	0	1	2	0	0	0	0
CGATENSMUST00000117509JUNC01072	0	0	0	0	0	1	0	0	0	0	0	0	0	0	0	0	0	0	0	0	0	0	0	0	0	0	0	0	0	0	0	0
CGATENSCAFT00000007497JUNC01075	0	0	2	0	0	0	0	0	3	2	3	2	0	0	0	0	0	0	1	0	0	0	0	0	0	0	4	2	0	0	2	0
CGATENSCAFT00000029634JUNC01078	0	0	0	0	0	0	0	0	0	0	0	0	0	0	0	0	0	0	0	0	0	0	0	0	0	0	0	0	1	0	0	0
CGATENSCAFT00000044891JUNC01081	0	0	1	0	0	0	0	0	5	1	5	1	0	0	0	0	3	2	2	0	0	0	0	0	0	0	1	1	0	0	0	0
CGATENSMUST00000167204JUNC01082	0	0	1	1	36	35	0	0	0	1	0	1	0	0	0	1	2	1	1	2	0	0	4	1	3	7	1	3	0	0	0	0
CGATENSCAFT00000045774JUNC01084	0	0	0	0	0	0	0	0	2	2	2	2	1	1	0	0	0	0	0	0	0	0	0	0	0	2	0	0	0	0	0	0
CGATENSCAFT00000017823JUNC01086	4	3	8	8	12	15	7	5	9	4	9	4	7	15	4	1	7	20	16	18	6	4	8	9	13	8	26	28	1	2	13	20
CGATENSCAFT00000017823JUNC01087	1	0	6	7	6	4	6	7	1	7	1	7	7	9	1	2	8	8	8	8	4	2	5	4	8	5	10	11	6	3	7	10
CGATENSMUST00000105992JUNC01088	1	1	4	5	5	6	0	0	0	0	0	0	5	8	0	1	2	0	3	4	0	0	0	0	1	2	4	7	0	0	1	3
CGATENSMUST00000105991JUNC01089	0	1	1	1	2	0	0	1	1	0	1	0	0	0	0	1	0	0	1	0	0	0	0	0	1	1	1	0	0	0	1	3
CGATENSMUST00000110906JUNC01090	0	0	0	0	1	1	0	0	0	0	0	0	1	0	0	0	0	0	1	1	0	0	0	0	0	0	0	0	0	0	0	0
CGATENSCAFT00000020308JUNC01091	0	0	0	0	8	7	0	0	2	2	2	2	0	0	0	0	1	1	2	1	0	0	0	0	0	0	9	7	0	0	0	0
CGATENSCAFT00000020308JUNC01092	0	0	0	0	9	9	0	0	5	1	5	1	0	0	0	0	0	0	1	1	0	0	0	0	0	0	0	1	0	1	0	0
CGATENSMUST00000202205JUNC01093	0	1	0	0	0	0	0	0	0	0	0	0	0	0	0	0	0	0	0	0	1	0	0	0	0	0	0	0	0	0	0	0
CGATENSMUST00000118192JUNC01095	0	1	0	0	0	1	0	0	0	0	0	0	0	0	0	0	0	0	0	0	0	0	0	0	0	1	0	0	0	0	0	0
CGATENSMUST00000110748JUNC01097	3	2	0	0	18	10	0	0	0	0	0	0	1	0	0	0	2	3	0	0	0	0	0	0	1	2	0	0	0	0	2	1
CGATENSMUST00000020939JUNC01098	0	0	0	0	2	1	0	0	0	0	0	0	0	0	0	0	0	0	0	0	0	0	0	0	0	0	0	0	0	0	0	0
CGATENSMUST00000078719JUNC01102	0	1	4	4	0	0	0	0	0	0	0	0	0	0	0	0	1	0	1	1	0	0	0	0	0	0	0	0	2	0	0	0
CGATENSMUST00000078719JUNC01103	0	0	0	1	0	2	0	0	0	0	0	0	0	0	0	1	0	1	0	2	0	0	0	0	1	0	0	1	1	1	1	1
CGATENSMUST00000078719JUNC01104	0	1	0	0	12	12	1	0	2	1	2	1	0	1	0	0	2	1	2	1	0	0	0	1	7	3	6	2	1	3	1	1
CGATENSMUST00000085633JUNC01108	1	0	0	0	1	0	0	0	0	0	0	0	0	0	2	2	0	0	0	0	0	0	0	0	0	1	1	2	0	0	0	0
CGATENSMUST00000002603JUNC01110	0	0	0	0	5	3	0	0	1	0	1	0	0	1	0	0	1	1	0	0	0	0	0	0	1	1	2	1	0	0	0	0
CGATENSMUST00000002603JUNC01111	0	0	0	2	5	6	0	0	0	1	0	1	4	2	0	0	0	0	0	0	0	0	0	0	1	1	0	0	1	1	0	0
CGATENSMUST00000202567JUNC01115	0	0	1	1	3	1	1	0	1	0	1	0	0	0	0	0	0	3	2	4	0	0	0	1	1	2	0	0	0	0	0	0
CGATENSMUST00000119756JUNC01116	0	0	6	3	1	0	1	1	0	1	0	1	49	40	1	1	7	5	2	3	1	1	0	0	8	6	5	5	9	7	3	6
CGATENSMUST00000168621JUNC01117	0	0	0	0	1	0	0	0	0	0	0	0	0	0	0	0	0	0	0	0	0	0	0	0	0	0	0	0	0	0	0	0
CGATENSMUST00000063029JUNC01119	1	0	9	8	1	1	0	0	10	5	10	5	3	2	0	0	21	20	1	0	0	0	1	1	17	10	1	1	1	3	1	0
