triplet_number,Genes_triplet,clique_number,human_abs_number,mouse_abs_number,dog_abs_number,human_specific_number,mouse_specific_number,dog_specific_number,total
0,ENSG00000282608-ENSMUSG00000000562-ENSCAFG00000013692,0,0,0,1,2,1,1,6
1,ENSG00000165731-ENSMUSG00000030110-ENSCAFG00000007076,2,0,0,0,0,0,2,8
2,ENSG00000163131-ENSMUSG00000038642-ENSCAFG00000012086,0,0,0,0,2,2,1,5
3,ENSG00000055118-ENSMUSG00000038319-ENSCAFG00000025442,1,0,0,1,0,0,1,6
4,ENSG00000134215-ENSMUSG00000033721-ENSCAFG00000019951,2,0,0,1,0,0,0,8
5,ENSG00000131095-ENSMUSG00000020932-ENSCAFG00000013973,2,0,1,0,0,0,0,8
6,ENSG00000112339-ENSMUSG00000019977-ENSCAFG00000000226,3,0,0,1,0,0,0,11
7,ENSG00000170248-ENSMUSG00000032504-ENSCAFG00000004721,2,0,0,0,0,0,0,6
8,ENSG00000076864-ENSMUSG00000041351-ENSCAFG00000014844,0,0,0,4,1,1,1,11
9,ENSG00000087470-ENSMUSG00000022789-ENSCAFG00000010528,7,0,1,1,0,1,1,27
10,ENSG00000138030-ENSMUSG00000029162-ENSCAFG00000004673,0,0,0,3,0,0,2,8
11,ENSG00000105879-ENSMUSG00000020659-ENSCAFG00000031990,3,0,0,0,0,0,0,9
12,ENSG00000147955-ENSMUSG00000036078-ENSCAFG00000030020,2,0,0,0,0,0,0,6
13,ENSG00000013619-ENSMUSG00000059401-ENSCAFG00000019116,1,0,0,1,3,0,0,8
14,ENSG00000099385-ENSMUSG00000030814-ENSCAFG00000016715,1,0,0,1,0,0,1,6
15,ENSG00000116299-ENSMUSG00000040412-ENSCAFG00000019851,2,0,1,1,0,0,1,11
16,ENSG00000147601-ENSMUSG00000025925-ENSCAFG00000007975,0,0,2,0,1,2,1,8
17,ENSG00000118513-ENSMUSG00000019982-ENSCAFG00000000230,6,0,0,0,2,0,1,21
18,ENSG00000197226-ENSMUSG00000036644-ENSCAFG00000000381,0,0,0,2,2,0,1,7
19,ENSG00000188732-ENSMUSG00000047115-ENSCAFG00000002784,4,1,0,0,0,2,0,16
20,ENSG00000097021-ENSMUSG00000028937-ENSCAFG00000019574,0,0,0,1,4,2,1,9
21,ENSG00000135679-ENSMUSG00000020184-ENSCAFG00000000418,1,0,0,0,1,2,1,7
22,ENSG00000147162-ENSMUSG00000034160-ENSCAFG00000017134,2,0,0,0,0,0,0,6
23,ENSG00000116001-ENSMUSG00000071337-ENSCAFG00000003341,4,0,0,0,0,0,1,13
24,ENSG00000090615-ENSMUSG00000029502-ENSCAFG00000006084,0,0,0,0,3,2,1,6
25,ENSG00000110344-ENSMUSG00000059890-ENSCAFG00000012766,2,0,0,0,1,1,0,8
26,ENSG00000155368-ENSMUSG00000026385-ENSCAFG00000004895,1,0,0,0,7,1,0,11
27,ENSG00000163026-ENSMUSG00000051721-ENSCAFG00000003949,1,0,0,0,1,2,1,7
28,ENSG00000063015-ENSMUSG00000000632-ENSCAFG00000018854,1,0,0,3,0,0,1,10
29,ENSG00000106683-ENSMUSG00000029674-ENSCAFG00000012073,1,0,0,0,1,1,0,5
30,ENSG00000185264-ENSMUSG00000062154-ENSCAFG00000001517,0,0,1,0,2,3,1,8
31,ENSG00000044459-ENSMUSG00000038070-ENSCAFG00000001566,0,0,0,1,1,2,1,6
32,ENSG00000141376-ENSMUSG00000059439-ENSCAFG00000017748,0,0,0,5,0,0,1,11
33,ENSG00000128595-ENSMUSG00000029767-ENSCAFG00000001640,2,0,1,0,2,0,0,10
34,ENSG00000135506-ENSMUSG00000040462-ENSCAFG00000000259,6,0,3,0,0,0,1,25
35,ENSG00000065613-ENSMUSG00000025060-ENSCAFG00000010516,2,0,0,0,0,0,0,6
36,ENSG00000157181-ENSMUSG00000006010-ENSCAFG00000013744,4,0,0,0,0,0,1,13
37,ENSG00000165443-ENSMUSG00000037747-ENSCAFG00000012396,0,0,0,2,1,0,1,6
38,ENSG00000165309-ENSMUSG00000037683-ENSCAFG00000004210,2,0,2,0,1,1,0,12
39,ENSG00000198467-ENSMUSG00000028464-ENSCAFG00000002086,1,0,0,2,0,0,1,8
40,ENSG00000160710-ENSMUSG00000027951-ENSCAFG00000017169,0,0,1,0,1,3,0,6
41,ENSG00000133121-ENSMUSG00000016128-ENSCAFG00000006294,2,0,0,1,1,0,1,10
42,ENSG00000196632-ENSMUSG00000041245-ENSCAFG00000016427,0,0,1,0,2,2,4,10
43,ENSG00000143545-ENSMUSG00000027935-ENSCAFG00000017389,2,0,0,0,0,0,0,6
44,ENSG00000143401-ENSMUSG00000015749-ENSCAFG00000011748,0,0,0,5,0,1,2,13
45,ENSG00000198732-ENSMUSG00000021136-ENSCAFG00000016602,1,2,1,0,0,0,0,9
46,ENSG00000125798-ENSMUSG00000037025-ENSCAFG00000005168,1,0,0,1,0,0,0,5
47,ENSG00000133069-ENSMUSG00000042066-ENSCAFG00000010030,4,0,0,0,1,0,0,13
48,ENSG00000143369-ENSMUSG00000028108-ENSCAFG00000012022,0,0,0,4,1,0,1,10
49,ENSG00000172071-ENSMUSG00000031668-ENSCAFG00000007383,2,0,0,0,0,1,0,7
50,ENSG00000187164-ENSMUSG00000041362-ENSCAFG00000011908,2,0,0,3,0,0,1,13
51,ENSG00000169129-ENSMUSG00000025083-ENSCAFG00000011348,0,0,0,1,1,3,1,7
52,ENSG00000134198-ENSMUSG00000027858-ENSCAFG00000009732,2,0,0,0,0,1,0,7
53,ENSG00000151233-ENSMUSG00000036197-ENSCAFG00000009790,1,0,0,2,0,1,0,8
54,ENSG00000170234-ENSMUSG00000044950-ENSCAFG00000017277,1,0,0,3,0,0,0,9
55,ENSG00000137392-ENSMUSG00000024225-ENSCAFG00000001349,2,0,0,0,1,0,0,7
56,ENSG00000078902-ENSMUSG00000025139-ENSCAFG00000009960,3,0,1,0,0,1,1,13
57,ENSG00000168386-ENSMUSG00000043336-ENSCAFG00000009242,2,0,4,0,0,0,0,14
58,ENSG00000141298-ENSMUSG00000037926-ENSCAFG00000018965,2,0,0,2,0,0,0,10
59,ENSG00000100991-ENSMUSG00000038324-ENSCAFG00000007912,3,0,0,0,0,0,0,9
60,ENSG00000136504-ENSMUSG00000038909-ENSCAFG00000016955,6,0,0,0,0,0,0,18
61,ENSG00000070785-ENSMUSG00000028683-ENSCAFG00000004681,0,0,0,2,1,1,1,7
62,ENSG00000118094-ENSMUSG00000032098-ENSCAFG00000012455,0,0,0,0,2,2,2,6
63,ENSG00000134900-ENSMUSG00000041763-ENSCAFG00000005950,1,0,0,1,0,0,1,6
64,ENSG00000171723-ENSMUSG00000047454-ENSCAFG00000016305,4,0,0,0,0,0,0,12
65,ENSG00000160049-ENSMUSG00000028974-ENSCAFG00000016784,1,0,1,0,0,1,1,7
66,ENSG00000031698-ENSMUSG00000068739-ENSCAFG00000019847,2,0,0,0,0,0,0,6
67,ENSG00000143322-ENSMUSG00000026596-ENSCAFG00000013920,3,0,0,4,1,2,1,21
68,ENSG00000091622-ENSMUSG00000040543-ENSCAFG00000015453,1,0,0,3,0,0,0,9
69,ENSG00000116604-ENSMUSG00000001419-ENSCAFG00000016806,1,0,0,3,0,0,1,10
70,ENSG00000163793-ENSMUSG00000053856-ENSCAFG00000032365,0,0,1,0,2,2,1,7
71,ENSG00000137948-ENSMUSG00000029279-ENSCAFG00000020168,0,0,0,0,5,2,1,8
72,ENSG00000159692-ENSMUSG00000037373-ENSCAFG00000016687,1,0,0,4,0,0,0,11
73,ENSG00000158545-ENSMUSG00000017478-ENSCAFG00000019884,3,0,0,0,0,0,1,10
74,ENSG00000118473-ENSMUSG00000028524-ENSCAFG00000018570,5,0,0,0,0,0,0,15
75,ENSG00000110713-ENSMUSG00000063550-ENSCAFG00000005871,5,0,2,0,0,2,0,21
76,ENSG00000166887-ENSMUSG00000027291-ENSCAFG00000010031,2,0,0,0,0,0,1,7
77,ENSG00000159363-ENSMUSG00000036622-ENSCAFG00000015840,0,0,0,0,3,2,1,6
78,ENSG00000158793-ENSMUSG00000013997-ENSCAFG00000012736,1,0,0,2,1,0,1,9
79,ENSG00000161082-ENSMUSG00000034818-ENSCAFG00000019263,4,0,1,0,1,0,1,16
80,ENSG00000102878-ENSMUSG00000033249-ENSCAFG00000020379,0,0,0,3,0,0,2,8
81,ENSG00000176463-ENSMUSG00000025790-ENSCAFG00000011241,2,0,0,0,0,0,0,6
82,ENSG00000178177-ENSMUSG00000015882-ENSCAFG00000016672,1,0,0,2,0,0,0,7
83,ENSG00000137486-ENSMUSG00000018909-ENSCAFG00000005415,1,0,0,2,0,0,0,7
84,ENSG00000136754-ENSMUSG00000058835-ENSCAFG00000004365,11,0,0,0,2,0,1,36
85,ENSG00000004777-ENSMUSG00000036882-ENSCAFG00000006785,1,0,0,2,1,3,0,11
86,ENSG00000175354-ENSMUSG00000024539-ENSCAFG00000018862,0,0,1,2,3,1,1,11
87,ENSG00000142864-ENSMUSG00000036371-ENSCAFG00000018538,4,0,0,0,0,0,0,12
88,ENSG00000145198-ENSMUSG00000046613-ENSCAFG00000012429,1,0,0,1,0,1,2,8
89,ENSG00000196091-ENSMUSG00000020061-ENSCAFG00000007134,5,1,0,0,5,0,1,23
90,ENSG00000174059-ENSMUSG00000016494-ENSCAFG00000011722,0,0,0,0,2,2,2,6
91,ENSG00000144451-ENSMUSG00000053153-ENSCAFG00000014259,0,0,0,1,1,2,1,6
92,ENSG00000179520-ENSMUSG00000019935-ENSCAFG00000006786,0,0,0,3,0,0,1,7
93,ENSG00000132906-ENSMUSG00000028914-ENSCAFG00000016279,0,0,0,1,2,1,2,7
94,ENSG00000075142-ENSMUSG00000003161-ENSCAFG00000001855,1,0,0,2,0,0,2,9
95,ENSG00000136114-ENSMUSG00000031480-ENSCAFG00000005940,2,0,0,0,0,1,0,7
96,ENSG00000076248-ENSMUSG00000029591-ENSCAFG00000011144,1,0,0,1,0,0,0,5
97,ENSG00000151136-ENSMUSG00000020042-ENSCAFG00000001793,2,0,0,0,0,0,0,6
98,ENSG00000150676-ENSMUSG00000030617-ENSCAFG00000004494,1,0,0,0,1,1,0,5
99,ENSG00000182871-ENSMUSG00000001435-ENSCAFG00000011817,0,0,0,0,3,2,1,6
100,ENSG00000113073-ENSMUSG00000024485-ENSCAFG00000005751,1,0,0,0,4,2,0,9
101,ENSG00000134779-ENSMUSG00000024269-ENSCAFG00000017766,0,0,0,3,5,1,1,13
102,ENSG00000118733-ENSMUSG00000027965-ENSCAFG00000019992,1,0,0,1,0,0,0,5
103,ENSG00000133030-ENSMUSG00000005417-ENSCAFG00000018501,1,0,0,2,0,0,0,7
104,ENSG00000100644-ENSMUSG00000021109-ENSCAFG00000015718,2,0,0,0,1,2,0,9
105,ENSG00000173848-ENSMUSG00000021215-ENSCAFG00000005241,1,0,0,1,0,0,0,5
106,ENSG00000265972-ENSMUSG00000038393-ENSCAFG00000011405,1,0,0,0,1,1,0,5
107,ENSG00000134046-ENSMUSG00000024513-ENSCAFG00000032711,1,0,0,1,1,1,0,7
108,ENSG00000137804-ENSMUSG00000027306-ENSCAFG00000009538,0,0,6,0,0,2,0,14
109,ENSG00000067369-ENSMUSG00000043909-ENSCAFG00000012508,0,0,0,0,3,2,1,6
110,ENSG00000105650-ENSMUSG00000031842-ENSCAFG00000014928,0,0,0,0,5,2,1,8
111,ENSG00000159640-ENSMUSG00000020681-ENSCAFG00000012998,0,0,0,3,0,0,1,7
112,ENSG00000125355-ENSMUSG00000036502-ENSCAFG00000018461,4,0,0,0,0,1,1,14
113,ENSG00000108788-ENSMUSG00000017801-ENSCAFG00000029102,3,0,0,0,0,0,0,9
114,ENSG00000014257-ENSMUSG00000032561-ENSCAFG00000006237,3,0,0,0,0,1,0,10
115,ENSG00000152254-ENSMUSG00000005232-ENSCAFG00000011872,1,0,0,1,0,0,0,5
116,ENSG00000106682-ENSMUSG00000040731-ENSCAFG00000012019,0,0,0,2,0,0,1,5
117,ENSG00000140105-ENSMUSG00000021266-ENSCAFG00000017906,0,0,0,0,6,3,1,10
118,ENSG00000143420-ENSMUSG00000038619-ENSCAFG00000012054,2,0,0,0,8,0,0,14
119,ENSG00000185658-ENSMUSG00000022914-ENSCAFG00000010037,1,0,0,0,2,1,2,8
120,ENSG00000013374-ENSMUSG00000028954-ENSCAFG00000004876,0,0,0,0,2,2,1,5
121,ENSG00000163219-ENSMUSG00000030047-ENSCAFG00000003268,0,0,0,2,3,1,1,9
122,ENSG00000140481-ENSMUSG00000037716-ENSCAFG00000017833,0,0,0,1,4,2,2,10
123,ENSG00000008441-ENSMUSG00000001911-ENSCAFG00000017009,2,0,0,2,0,1,0,11
124,ENSG00000163950-ENSMUSG00000004642-ENSCAFG00000015016,4,0,0,0,0,0,0,12
125,ENSG00000004455-ENSMUSG00000028792-ENSCAFG00000010390,1,0,0,2,3,0,0,10
126,ENSG00000166734-ENSMUSG00000060227-ENSCAFG00000013507,0,0,2,0,0,4,0,8
127,ENSG00000100320-ENSMUSG00000033565-ENSCAFG00000001701,2,0,0,5,0,1,0,17
128,ENSG00000137074-ENSMUSG00000028411-ENSCAFG00000001812,0,0,2,0,2,2,0,8
129,ENSG00000130558-ENSMUSG00000026833-ENSCAFG00000032227,1,0,0,2,3,1,0,11
130,ENSG00000136732-ENSMUSG00000090523-ENSCAFG00000030972,0,0,0,0,3,2,2,7
131,ENSG00000184743-ENSMUSG00000024759-ENSCAFG00000015073,1,0,0,1,0,1,0,6
132,ENSG00000078699-ENSMUSG00000038533-ENSCAFG00000007420,2,0,0,0,2,0,0,8
133,ENSG00000011275-ENSMUSG00000045078-ENSCAFG00000015990,2,0,0,0,0,0,0,6
134,ENSG00000167037-ENSMUSG00000042216-ENSCAFG00000011498,3,0,0,0,0,2,0,11
135,ENSG00000038274-ENSMUSG00000042032-ENSCAFG00000017181,1,0,0,1,0,0,0,5
136,ENSG00000151746-ENSMUSG00000003452-ENSCAFG00000010619,1,0,0,2,0,1,0,8
137,ENSG00000125744-ENSMUSG00000030401-ENSCAFG00000004439,1,0,0,2,0,0,1,8
138,ENSG00000173818-ENSMUSG00000039850-ENSCAFG00000005684,0,0,0,0,3,3,1,7
139,ENSG00000181830-ENSMUSG00000049922-ENSCAFG00000031937,1,0,0,1,0,0,0,5
140,ENSG00000072849-ENSMUSG00000018442-ENSCAFG00000032265,3,0,0,0,0,0,0,9
141,ENSG00000198003-ENSMUSG00000039632-ENSCAFG00000017400,2,1,0,0,0,1,0,9
142,ENSG00000127603-ENSMUSG00000028649-ENSCAFG00000003120,1,0,0,2,0,1,0,8
143,ENSG00000166272-ENSMUSG00000047731-ENSCAFG00000010264,1,0,0,1,0,1,1,7
144,ENSG00000114127-ENSMUSG00000032410-ENSCAFG00000007783,2,0,1,0,1,1,0,10
145,ENSG00000115762-ENSMUSG00000026123-ENSCAFG00000004224,1,0,2,0,5,1,0,13
146,ENSG00000179950-ENSMUSG00000002524-ENSCAFG00000001400,6,0,0,0,0,0,0,18
147,ENSG00000091527-ENSMUSG00000032803-ENSCAFG00000006436,2,0,0,3,6,0,0,18
148,ENSG00000205268-ENSMUSG00000069094-ENSCAFG00000007279,1,0,0,1,0,0,0,5
149,ENSG00000008277-ENSMUSG00000040537-ENSCAFG00000001852,0,0,0,5,0,0,1,11
150,ENSG00000107263-ENSMUSG00000039844-ENSCAFG00000019902,2,0,0,3,1,0,0,13
151,ENSG00000096746-ENSMUSG00000020069-ENSCAFG00000013619,2,0,0,0,0,0,0,6
152,ENSG00000142611-ENSMUSG00000039410-ENSCAFG00000019473,1,0,0,4,0,2,0,13
153,ENSG00000141867-ENSMUSG00000024002-ENSCAFG00000016085,1,0,0,1,1,3,1,10
154,ENSG00000163755-ENSMUSG00000027615-ENSCAFG00000008312,3,0,0,0,0,0,1,10
155,ENSG00000175866-ENSMUSG00000025372-ENSCAFG00000005700,1,0,0,4,1,0,0,12
156,ENSG00000112280-ENSMUSG00000026147-ENSCAFG00000002589,2,0,0,0,0,0,0,6
157,ENSG00000151612-ENSMUSG00000071064-ENSCAFG00000007698,2,0,0,0,0,0,1,7
158,ENSG00000066405-ENSMUSG00000032473-ENSCAFG00000028766,2,0,0,2,0,0,0,10
159,ENSG00000185813-ENSMUSG00000025137-ENSCAFG00000005882,0,0,0,0,6,2,2,10
160,ENSG00000013375-ENSMUSG00000056131-ENSCAFG00000002929,2,0,1,1,2,0,0,12
161,ENSG00000166037-ENSMUSG00000031922-ENSCAFG00000004104,2,0,0,0,1,0,1,8
162,ENSG00000092140-ENSMUSG00000035293-ENSCAFG00000012582,0,0,2,0,0,3,1,8
163,ENSG00000061987-ENSMUSG00000034602-ENSCAFG00000000333,2,0,1,1,1,1,1,13
164,ENSG00000058866-ENSMUSG00000022861-ENSCAFG00000013503,3,0,0,0,0,0,1,10
165,ENSG00000003436-ENSMUSG00000027082-ENSCAFG00000014752,0,0,0,0,4,5,2,11
166,ENSG00000111252-ENSMUSG00000042594-ENSCAFG00000008601,0,0,1,0,1,4,0,7
167,ENSG00000170473-ENSMUSG00000064030-ENSCAFG00000000076,1,0,0,1,0,0,0,5
168,ENSG00000063244-ENSMUSG00000030435-ENSCAFG00000002551,2,0,0,0,0,0,0,6
169,ENSG00000061938-ENSMUSG00000022791-ENSCAFG00000012918,1,0,0,5,1,0,0,14
170,ENSG00000178982-ENSMUSG00000053565-ENSCAFG00000005866,4,0,0,0,0,1,0,13
171,ENSG00000100796-ENSMUSG00000041846-ENSCAFG00000017570,3,0,0,0,0,0,0,9
172,ENSG00000134508-ENSMUSG00000040957-ENSCAFG00000018207,1,0,0,2,1,0,0,8
173,ENSG00000133110-ENSMUSG00000027750-ENSCAFG00000006073,5,0,0,1,0,0,1,18
174,ENSG00000134954-ENSMUSG00000032035-ENSCAFG00000010304,0,0,3,0,1,2,1,10
175,ENSG00000164035-ENSMUSG00000054690-ENSCAFG00000032716,0,0,0,0,2,2,1,5
176,ENSG00000147394-ENSMUSG00000031351-ENSCAFG00000019176,0,0,0,0,8,2,2,12
177,ENSG00000079335-ENSMUSG00000033502-ENSCAFG00000020007,4,0,1,0,0,0,0,14
178,ENSG00000164713-ENSMUSG00000047843-ENSCAFG00000015362,1,0,0,0,1,1,0,5
179,ENSG00000065989-ENSMUSG00000032177-ENSCAFG00000017790,3,0,2,0,1,0,0,14
180,ENSG00000138670-ENSMUSG00000089809-ENSCAFG00000008919,2,0,0,1,0,0,0,8
181,ENSG00000157680-ENSMUSG00000038665-ENSCAFG00000003373,1,0,0,2,2,0,0,9
182,ENSG00000141052-ENSMUSG00000020542-ENSCAFG00000017863,2,0,1,0,0,0,1,9
183,ENSG00000124615-ENSMUSG00000064120-ENSCAFG00000001568,2,0,0,0,1,0,0,7
184,ENSG00000164007-ENSMUSG00000066058-ENSCAFG00000002540,2,0,0,0,1,0,1,8
185,ENSG00000115525-ENSMUSG00000056091-ENSCAFG00000007653,0,0,2,0,1,2,0,7
186,ENSG00000163462-ENSMUSG00000042766-ENSCAFG00000017047,1,0,0,2,3,0,2,12
187,ENSG00000131437-ENSMUSG00000018395-ENSCAFG00000000898,4,0,0,0,0,0,0,12
188,ENSG00000066248-ENSMUSG00000026259-ENSCAFG00000011587,0,0,0,2,0,0,1,5
189,ENSG00000138684-ENSMUSG00000027718-ENSCAFG00000004004,0,1,0,0,2,1,0,5
190,ENSG00000204231-ENSMUSG00000039656-ENSCAFG00000000912,4,0,0,0,0,0,0,12
191,ENSG00000125257-ENSMUSG00000032849-ENSCAFG00000005433,2,0,0,0,2,0,0,8
192,ENSG00000213199-ENSMUSG00000038276-ENSCAFG00000004709,0,0,0,1,2,1,1,6
193,ENSG00000124406-ENSMUSG00000037685-ENSCAFG00000001816,3,0,0,1,0,0,1,12
194,ENSG00000118194-ENSMUSG00000026414-ENSCAFG00000010798,0,0,1,0,7,7,5,21
195,ENSG00000143924-ENSMUSG00000032624-ENSCAFG00000006510,4,0,0,0,0,0,0,12
196,ENSG00000147041-ENSMUSG00000054453-ENSCAFG00000013969,0,0,0,2,0,0,2,6
197,ENSG00000143549-ENSMUSG00000027940-ENSCAFG00000017311,9,0,0,0,0,0,0,27
198,ENSG00000151693-ENSMUSG00000052632-ENSCAFG00000003370,0,0,1,0,1,3,2,8
199,ENSG00000138738-ENSMUSG00000029913-ENSCAFG00000004179,1,0,0,3,1,0,1,11
200,ENSG00000197905-ENSMUSG00000030353-ENSCAFG00000015522,1,0,0,0,0,0,1,4
201,ENSG00000157782-ENSMUSG00000029544-ENSCAFG00000010401,2,0,0,1,0,0,2,10
202,ENSG00000133619-ENSMUSG00000042810-ENSCAFG00000004450,0,0,0,0,2,4,1,7
203,ENSG00000169891-ENSMUSG00000040855-ENSCAFG00000012774,0,0,0,0,2,2,1,5
204,ENSG00000026103-ENSMUSG00000024778-ENSCAFG00000015712,0,0,0,0,3,2,1,6
205,ENSG00000167632-ENSMUSG00000047921-ENSCAFG00000001181,2,1,0,0,1,2,0,11
206,ENSG00000184014-ENSMUSG00000035901-ENSCAFG00000007156,2,0,1,0,0,0,0,8
207,ENSG00000186891-ENSMUSG00000041954-ENSCAFG00000019329,0,0,0,0,3,2,1,6
208,ENSG00000137100-ENSMUSG00000028447-ENSCAFG00000001937,2,0,2,0,0,1,0,11
209,ENSG00000180448-ENSMUSG00000035697-ENSCAFG00000019552,0,0,0,2,3,1,2,10
210,ENSG00000079805-ENSMUSG00000033335-ENSCAFG00000017651,6,0,0,1,0,0,0,20
211,ENSG00000204371-ENSMUSG00000013787-ENSCAFG00000000669,2,0,0,2,0,0,0,10
212,ENSG00000133135-ENSMUSG00000031438-ENSCAFG00000017931,1,0,0,1,0,0,0,5
213,ENSG00000140876-ENSMUSG00000031767-ENSCAFG00000020035,3,0,0,0,2,3,0,14
214,ENSG00000197694-ENSMUSG00000057738-ENSCAFG00000020049,5,0,0,0,0,0,1,16
215,ENSG00000162599-ENSMUSG00000028565-ENSCAFG00000023117,0,0,0,4,1,0,1,10
216,ENSG00000024048-ENSMUSG00000023977-ENSCAFG00000001697,1,0,0,1,1,0,1,7
217,ENSG00000182541-ENSMUSG00000020451-ENSCAFG00000013044,2,0,0,1,1,0,1,10
218,ENSG00000067191-ENSMUSG00000020882-ENSCAFG00000016510,1,0,0,3,0,0,0,9
219,ENSG00000163508-ENSMUSG00000032446-ENSCAFG00000005510,3,0,0,1,0,0,1,12
220,ENSG00000146416-ENSMUSG00000019806-ENSCAFG00000000303,2,0,0,0,1,1,1,9
221,ENSG00000180113-ENSMUSG00000040140-ENSCAFG00000002036,0,0,0,0,2,2,1,5
222,ENSG00000026508-ENSMUSG00000005087-ENSCAFG00000006889,5,0,2,0,1,3,2,25
223,ENSG00000168803-ENSMUSG00000027259-ENSCAFG00000012043,0,0,1,0,4,4,1,11
224,ENSG00000148339-ENSMUSG00000026819-ENSCAFG00000020091,5,0,0,0,0,0,0,15
225,ENSG00000197140-ENSMUSG00000037437-ENSCAFG00000005841,0,0,0,0,2,2,1,5
226,ENSG00000179889-ENSMUSG00000022680-ENSCAFG00000018760,4,0,0,0,2,2,0,16
227,ENSG00000118564-ENSMUSG00000039753-ENSCAFG00000015321,2,0,0,1,0,1,1,10
228,ENSG00000089820-ENSMUSG00000031389-ENSCAFG00000019408,2,0,0,0,1,1,0,8
229,ENSG00000126457-ENSMUSG00000109324-ENSCAFG00000003589,4,0,0,0,0,0,0,12
230,ENSG00000137098-ENSMUSG00000066196-ENSCAFG00000029463,0,0,1,0,1,2,1,6
231,ENSG00000142273-ENSMUSG00000040525-ENSCAFG00000004651,0,0,0,0,2,2,1,5
232,ENSG00000132463-ENSMUSG00000044221-ENSCAFG00000002922,1,0,0,2,1,0,0,8
233,ENSG00000165915-ENSMUSG00000002105-ENSCAFG00000008717,2,0,1,0,0,1,1,10
234,ENSG00000103249-ENSMUSG00000036636-ENSCAFG00000019565,1,0,0,2,0,1,0,8
235,ENSG00000179295-ENSMUSG00000043733-ENSCAFG00000008894,3,0,0,0,0,0,0,9
236,ENSG00000067840-ENSMUSG00000002006-ENSCAFG00000019290,3,0,0,0,0,0,0,9
237,ENSG00000054938-ENSMUSG00000030732-ENSCAFG00000005475,1,0,0,0,1,1,0,5
238,ENSG00000138101-ENSMUSG00000071454-ENSCAFG00000004223,9,0,0,0,0,1,1,29
239,ENSG00000097033-ENSMUSG00000037062-ENSCAFG00000020239,2,0,0,3,0,1,0,13
240,ENSG00000237515-ENSMUSG00000022494-ENSCAFG00000018839,0,0,0,2,1,0,1,6
241,ENSG00000135108-ENSMUSG00000032898-ENSCAFG00000009303,2,0,0,0,0,0,0,6
242,ENSG00000156983-ENSMUSG00000001632-ENSCAFG00000005408,0,0,0,7,0,0,1,15
243,ENSG00000114316-ENSMUSG00000032612-ENSCAFG00000024214,2,0,0,0,1,0,0,7
244,ENSG00000160563-ENSMUSG00000026799-ENSCAFG00000019900,3,0,1,0,0,1,0,12
245,ENSG00000163785-ENSMUSG00000032547-ENSCAFG00000006715,0,0,0,2,0,0,1,5
246,ENSG00000147862-ENSMUSG00000008575-ENSCAFG00000001520,3,0,0,1,1,0,2,14
247,ENSG00000121577-ENSMUSG00000022803-ENSCAFG00000030985,0,0,0,2,1,0,1,6
248,ENSG00000135069-ENSMUSG00000024640-ENSCAFG00000001570,2,0,0,1,0,1,0,9
249,ENSG00000171189-ENSMUSG00000022935-ENSCAFG00000008768,1,0,0,6,0,0,0,15
250,ENSG00000119950-ENSMUSG00000025025-ENSCAFG00000010706,3,0,0,1,0,0,0,11
251,ENSG00000078140-ENSMUSG00000029203-ENSCAFG00000015961,2,0,0,1,0,0,1,9
252,ENSG00000167081-ENSMUSG00000038718-ENSCAFG00000020175,1,0,0,2,0,0,0,7
253,ENSG00000160194-ENSMUSG00000024038-ENSCAFG00000010508,0,0,1,0,1,2,3,8
254,ENSG00000166167-ENSMUSG00000025217-ENSCAFG00000009879,3,0,0,0,0,0,0,9
255,ENSG00000149930-ENSMUSG00000059981-ENSCAFG00000017039,5,0,0,0,0,0,0,15
256,ENSG00000101605-ENSMUSG00000024049-ENSCAFG00000018478,2,0,0,0,0,0,1,7
257,ENSG00000135316-ENSMUSG00000032423-ENSCAFG00000003024,4,0,0,0,0,0,0,12
258,ENSG00000087087-ENSMUSG00000037364-ENSCAFG00000023538,6,0,0,0,0,0,0,18
259,ENSG00000129993-ENSMUSG00000006362-ENSCAFG00000019852,2,0,0,1,1,1,0,10
260,ENSG00000197696-ENSMUSG00000025723-ENSCAFG00000030848,0,0,1,1,0,1,0,5
261,ENSG00000171557-ENSMUSG00000033860-ENSCAFG00000008440,1,0,0,0,1,1,0,5
262,ENSG00000072110-ENSMUSG00000015143-ENSCAFG00000016534,2,0,0,1,0,0,1,9
263,ENSG00000203970-ENSMUSG00000067773-ENSCAFG00000023065,0,0,0,1,1,1,1,5
264,ENSG00000035928-ENSMUSG00000029191-ENSCAFG00000016068,0,0,2,0,0,3,1,8
265,ENSG00000113851-ENSMUSG00000005362-ENSCAFG00000029831,0,0,0,2,0,0,1,5
266,ENSG00000149600-ENSMUSG00000056941-ENSCAFG00000030371,2,0,0,0,0,1,0,7
267,ENSG00000140479-ENSMUSG00000030513-ENSCAFG00000010529,0,0,0,2,3,0,2,9
268,ENSG00000159479-ENSMUSG00000006392-ENSCAFG00000005237,1,0,0,1,1,1,1,8
269,ENSG00000011304-ENSMUSG00000006498-ENSCAFG00000019693,0,0,3,0,0,3,0,9
270,ENSG00000027869-ENSMUSG00000028071-ENSCAFG00000023568,0,0,0,0,3,2,2,7
271,ENSG00000271605-ENSMUSG00000040528-ENSCAFG00000011727,0,0,0,0,4,6,1,11
272,ENSG00000029725-ENSMUSG00000020817-ENSCAFG00000015589,0,0,0,5,0,0,1,11
273,ENSG00000127990-ENSMUSG00000004631-ENSCAFG00000002104,4,0,0,0,1,2,0,15
274,ENSG00000110841-ENSMUSG00000016487-ENSCAFG00000010994,5,0,2,0,0,0,1,20
275,ENSG00000137343-ENSMUSG00000024426-ENSCAFG00000000414,6,0,0,0,1,0,0,19
276,ENSG00000171843-ENSMUSG00000028496-ENSCAFG00000001635,4,0,0,0,0,0,0,12
277,ENSG00000107758-ENSMUSG00000021816-ENSCAFG00000014818,3,0,0,0,0,0,0,9
278,ENSG00000163795-ENSMUSG00000043059-ENSCAFG00000004909,1,0,1,0,0,1,0,6
279,ENSG00000121897-ENSMUSG00000029199-ENSCAFG00000015991,1,2,0,0,2,0,0,9
280,ENSG00000170471-ENSMUSG00000027652-ENSCAFG00000008947,3,0,0,0,2,0,0,11
281,ENSG00000008294-ENSMUSG00000020859-ENSCAFG00000017265,6,0,0,1,0,0,2,22
282,ENSG00000196535-ENSMUSG00000000631-ENSCAFG00000018868,0,0,3,0,0,6,0,12
283,ENSG00000188566-ENSMUSG00000006471-ENSCAFG00000019475,2,0,0,0,2,2,1,11
284,ENSG00000072832-ENSMUSG00000029121-ENSCAFG00000015799,2,0,0,0,1,0,0,7
285,ENSG00000189056-ENSMUSG00000042453-ENSCAFG00000025345,0,0,0,2,0,0,1,5
286,ENSG00000086712-ENSMUSG00000038344-ENSCAFG00000012620,1,0,0,2,0,2,0,9
287,ENSG00000138660-ENSMUSG00000074238-ENSCAFG00000011643,2,0,0,0,0,0,0,6
288,ENSG00000103429-ENSMUSG00000022684-ENSCAFG00000018791,2,0,0,0,0,0,1,7
289,ENSG00000141905-ENSMUSG00000055053-ENSCAFG00000019246,3,0,1,1,1,0,0,14
290,ENSG00000171777-ENSMUSG00000030589-ENSCAFG00000005909,1,0,0,7,0,1,0,18
291,ENSG00000125740-ENSMUSG00000003545-ENSCAFG00000004443,3,0,0,0,0,0,0,9
292,ENSG00000108370-ENSMUSG00000020599-ENSCAFG00000011148,1,1,0,0,2,0,1,8
293,ENSG00000123146-ENSMUSG00000002885-ENSCAFG00000016385,0,0,0,0,3,4,1,8
294,ENSG00000104067-ENSMUSG00000030516-ENSCAFG00000010407,1,0,0,4,1,0,0,12
295,ENSG00000107560-ENSMUSG00000040022-ENSCAFG00000011991,2,0,0,0,1,1,0,8
296,ENSG00000131504-ENSMUSG00000024456-ENSCAFG00000006149,3,0,1,0,0,0,0,11
297,ENSG00000276043-ENSMUSG00000001228-ENSCAFG00000018934,0,0,0,0,5,4,1,10
298,ENSG00000080546-ENSMUSG00000038332-ENSCAFG00000003793,3,0,0,0,0,0,0,9
299,ENSG00000117569-ENSMUSG00000028134-ENSCAFG00000020080,4,0,0,0,0,0,0,12
300,ENSG00000105341-ENSMUSG00000057229-ENSCAFG00000004995,3,0,0,0,5,1,0,15
301,ENSG00000006283-ENSMUSG00000020866-ENSCAFG00000017120,28,0,0,0,0,0,1,85
302,ENSG00000105549-ENSMUSG00000020317-ENSCAFG00000019728,0,0,0,0,2,2,2,6
303,ENSG00000100523-ENSMUSG00000037697-ENSCAFG00000014871,4,0,1,0,0,0,0,14
304,ENSG00000106077-ENSMUSG00000040532-ENSCAFG00000012539,0,1,0,0,4,2,0,8
305,ENSG00000119471-ENSMUSG00000028383-ENSCAFG00000003028,0,0,2,0,0,2,1,7
306,ENSG00000168488-ENSMUSG00000032637-ENSCAFG00000017174,7,1,0,1,0,0,1,26
307,ENSG00000151917-ENSMUSG00000042182-ENSCAFG00000002447,0,0,1,0,1,2,0,5
308,ENSG00000075413-ENSMUSG00000007411-ENSCAFG00000018257,5,0,0,0,0,0,1,16
309,ENSG00000148737-ENSMUSG00000024985-ENSCAFG00000011005,0,0,0,10,0,3,1,24
310,ENSG00000182132-ENSMUSG00000053519-ENSCAFG00000016951,0,0,0,4,1,0,1,10
311,ENSG00000122375-ENSMUSG00000021799-ENSCAFG00000015975,0,0,0,1,1,2,1,6
312,ENSG00000113615-ENSMUSG00000036391-ENSCAFG00000001034,1,0,0,0,1,1,1,6
313,ENSG00000115155-ENSMUSG00000062372-ENSCAFG00000004385,6,0,0,0,1,0,0,19
314,ENSG00000185760-ENSMUSG00000028033-ENSCAFG00000002645,1,0,0,4,0,0,0,11
315,ENSG00000130755-ENSMUSG00000060791-ENSCAFG00000028607,0,0,0,3,0,0,1,7
316,ENSG00000118257-ENSMUSG00000025969-ENSCAFG00000013191,6,0,1,0,0,0,0,20
317,ENSG00000126858-ENSMUSG00000017686-ENSCAFG00000018443,1,1,3,1,0,3,1,17
318,ENSG00000184719-ENSMUSG00000071573-ENSCAFG00000030804,1,0,0,1,2,0,1,8
319,ENSG00000101974-ENSMUSG00000062949-ENSCAFG00000019020,2,0,0,2,0,0,0,10
320,ENSG00000166589-ENSMUSG00000031881-ENSCAFG00000020397,3,0,0,2,0,1,0,14
321,ENSG00000072609-ENSMUSG00000014668-ENSCAFG00000006074,1,0,0,4,1,0,0,12
322,ENSG00000072858-ENSMUSG00000022696-ENSCAFG00000010667,0,0,0,2,0,0,1,5
323,ENSG00000129682-ENSMUSG00000031137-ENSCAFG00000032672,1,0,0,4,0,0,0,11
324,ENSG00000100106-ENSMUSG00000033088-ENSCAFG00000001480,0,0,0,0,3,3,2,8
325,ENSG00000155792-ENSMUSG00000022419-ENSCAFG00000000885,2,0,0,0,0,1,0,7
326,ENSG00000117362-ENSMUSG00000015750-ENSCAFG00000011777,3,0,0,0,0,0,0,9
327,ENSG00000186111-ENSMUSG00000034902-ENSCAFG00000019205,0,0,0,3,1,0,1,8
328,ENSG00000073464-ENSMUSG00000000605-ENSCAFG00000011537,3,0,1,0,0,1,0,12
329,ENSG00000186591-ENSMUSG00000039159-ENSCAFG00000001505,2,0,0,0,0,0,0,6
330,ENSG00000086102-ENSMUSG00000028423-ENSCAFG00000001848,1,0,0,0,1,2,1,7
331,ENSG00000136854-ENSMUSG00000026797-ENSCAFG00000020125,1,0,0,2,0,0,0,7
332,ENSG00000061273-ENSMUSG00000022475-ENSCAFG00000009152,2,0,0,2,2,5,0,17
333,ENSG00000107771-ENSMUSG00000058690-ENSCAFG00000015946,4,0,1,0,1,0,0,15
334,ENSG00000140416-ENSMUSG00000032366-ENSCAFG00000016966,7,0,0,6,0,0,1,34
335,ENSG00000091428-ENSMUSG00000049044-ENSCAFG00000013096,4,0,0,2,0,0,0,16
336,ENSG00000122884-ENSMUSG00000019916-ENSCAFG00000014573,3,0,0,1,0,0,1,12
337,ENSG00000180957-ENSMUSG00000050017-ENSCAFG00000011830,2,0,1,0,1,0,0,9
338,ENSG00000102081-ENSMUSG00000000838-ENSCAFG00000019085,5,0,1,0,0,0,0,17
339,ENSG00000106991-ENSMUSG00000026814-ENSCAFG00000020106,0,0,0,0,3,3,2,8
340,ENSG00000001167-ENSMUSG00000023994-ENSCAFG00000001580,4,0,0,0,0,0,0,12
341,ENSG00000133083-ENSMUSG00000027797-ENSCAFG00000006231,5,0,0,3,0,0,1,22
342,ENSG00000082701-ENSMUSG00000022812-ENSCAFG00000011122,1,0,0,1,0,0,1,6
343,ENSG00000159082-ENSMUSG00000022973-ENSCAFG00000009041,4,0,0,2,0,0,0,16
344,ENSG00000133318-ENSMUSG00000024758-ENSCAFG00000015064,5,1,1,0,1,0,1,21
345,ENSG00000149091-ENSMUSG00000040479-ENSCAFG00000009248,0,0,0,4,4,0,2,14
346,ENSG00000145247-ENSMUSG00000029153-ENSCAFG00000031331,1,0,0,0,2,1,0,6
347,ENSG00000071243-ENSMUSG00000029670-ENSCAFG00000003481,1,0,0,0,1,1,0,5
348,ENSG00000119866-ENSMUSG00000000861-ENSCAFG00000002955,3,0,0,1,0,0,0,11
349,ENSG00000115520-ENSMUSG00000025981-ENSCAFG00000010890,0,0,2,0,1,2,1,8
350,ENSG00000005893-ENSMUSG00000016534-ENSCAFG00000018510,0,0,2,0,1,3,1,9
351,ENSG00000135541-ENSMUSG00000019986-ENSCAFG00000000234,0,0,0,0,4,2,1,7
352,ENSG00000157637-ENSMUSG00000061306-ENSCAFG00000005725,0,2,0,0,2,2,1,9
353,ENSG00000136828-ENSMUSG00000038831-ENSCAFG00000020156,3,0,0,1,3,0,1,15
354,ENSG00000065054-ENSMUSG00000002504-ENSCAFG00000019449,2,0,0,1,0,0,0,8
355,ENSG00000006128-ENSMUSG00000061762-ENSCAFG00000002207,0,2,0,0,3,0,0,7
356,ENSG00000103051-ENSMUSG00000031753-ENSCAFG00000020149,1,0,2,0,0,1,0,8
357,ENSG00000174500-ENSMUSG00000022659-ENSCAFG00000030826,0,0,0,0,3,2,1,6
358,ENSG00000266173-ENSMUSG00000069631-ENSCAFG00000012905,2,1,0,0,3,0,0,11
359,ENSG00000150764-ENSMUSG00000032064-ENSCAFG00000014061,2,0,1,1,0,2,1,13
360,ENSG00000079308-ENSMUSG00000055322-ENSCAFG00000014575,0,0,2,0,2,2,1,9
361,ENSG00000184792-ENSMUSG00000020435-ENSCAFG00000012842,3,0,0,0,3,0,0,12
362,ENSG00000089094-ENSMUSG00000029475-ENSCAFG00000008259,2,0,0,1,2,0,0,10
363,ENSG00000122224-ENSMUSG00000004707-ENSCAFG00000012621,0,0,0,0,4,2,1,7
364,ENSG00000133687-ENSMUSG00000030306-ENSCAFG00000010821,4,0,0,0,0,0,0,12
365,ENSG00000090565-ENSMUSG00000037098-ENSCAFG00000019670,2,0,0,0,2,2,0,10
366,ENSG00000103423-ENSMUSG00000004069-ENSCAFG00000019212,2,0,0,0,1,0,1,8
367,ENSG00000141027-ENSMUSG00000018501-ENSCAFG00000018040,2,0,1,0,2,2,1,13
368,ENSG00000173418-ENSMUSG00000002728-ENSCAFG00000032025,3,0,0,0,1,0,0,10
369,ENSG00000101294-ENSMUSG00000019188-ENSCAFG00000007038,2,0,0,1,0,1,1,10
370,ENSG00000143776-ENSMUSG00000026490-ENSCAFG00000015982,3,0,0,1,0,0,1,12
371,ENSG00000196792-ENSMUSG00000020954-ENSCAFG00000012823,1,0,0,1,0,0,0,5
372,ENSG00000117385-ENSMUSG00000028641-ENSCAFG00000002526,3,0,0,0,2,1,0,12
373,ENSG00000148842-ENSMUSG00000064105-ENSCAFG00000010310,2,0,0,0,1,0,1,8
374,ENSG00000147650-ENSMUSG00000022305-ENSCAFG00000000677,1,0,0,2,0,0,0,7
375,ENSG00000128040-ENSMUSG00000053030-ENSCAFG00000024171,0,0,0,0,4,3,1,8
376,ENSG00000089159-ENSMUSG00000029528-ENSCAFG00000010241,1,0,0,2,1,0,0,8
377,ENSG00000104894-ENSMUSG00000030798-ENSCAFG00000003709,3,0,0,0,0,0,0,9
378,ENSG00000115602-ENSMUSG00000026069-ENSCAFG00000002142,0,0,1,0,2,4,1,9
379,ENSG00000174015-ENSMUSG00000034913-ENSCAFG00000004519,2,0,0,1,1,1,0,10
380,ENSG00000081803-ENSMUSG00000017978-ENSCAFG00000003553,0,0,0,4,0,1,1,10
381,ENSG00000133195-ENSMUSG00000041654-ENSCAFG00000031583,0,0,0,2,0,0,1,5
382,ENSG00000138185-ENSMUSG00000048120-ENSCAFG00000008433,2,0,0,0,2,1,0,9
383,ENSG00000001461-ENSMUSG00000028803-ENSCAFG00000012956,1,0,1,0,2,2,0,9
384,ENSG00000162493-ENSMUSG00000028583-ENSCAFG00000016363,0,0,0,0,7,2,1,10
385,ENSG00000154380-ENSMUSG00000022995-ENSCAFG00000016185,0,0,0,5,0,0,1,11
386,ENSG00000072803-ENSMUSG00000020271-ENSCAFG00000016890,4,0,0,1,0,0,1,15
387,ENSG00000071054-ENSMUSG00000026074-ENSCAFG00000002162,1,0,0,7,0,0,0,17
388,ENSG00000136717-ENSMUSG00000024381-ENSCAFG00000004606,1,0,0,11,0,0,0,25
389,ENSG00000002016-ENSMUSG00000030166-ENSCAFG00000015831,0,0,0,0,4,2,1,7
390,ENSG00000114416-ENSMUSG00000027680-ENSCAFG00000011582,1,0,0,3,0,0,1,10
391,ENSG00000050820-ENSMUSG00000031955-ENSCAFG00000020081,2,0,0,0,6,0,2,14
392,ENSG00000124006-ENSMUSG00000026211-ENSCAFG00000015641,0,0,0,3,1,0,3,10
393,ENSG00000116132-ENSMUSG00000026586-ENSCAFG00000015002,3,0,0,0,0,0,0,9
394,ENSG00000165379-ENSMUSG00000035653-ENSCAFG00000013943,2,0,0,0,0,1,0,7
395,ENSG00000156687-ENSMUSG00000063626-ENSCAFG00000006252,1,0,0,0,6,6,0,15
396,ENSG00000163092-ENSMUSG00000027022-ENSCAFG00000011682,1,0,0,2,3,0,2,12
397,ENSG00000167074-ENSMUSG00000022389-ENSCAFG00000001095,0,0,1,1,0,1,1,6
398,ENSG00000071537-ENSMUSG00000020964-ENSCAFG00000017315,1,0,0,0,1,1,0,5
399,ENSG00000150281-ENSMUSG00000042340-ENSCAFG00000016723,2,0,0,0,0,1,0,7
400,ENSG00000106799-ENSMUSG00000007613-ENSCAFG00000002528,1,0,0,3,0,1,0,10
401,ENSG00000169621-ENSMUSG00000030051-ENSCAFG00000003262,0,0,0,0,2,2,1,5
402,ENSG00000064393-ENSMUSG00000061436-ENSCAFG00000004038,0,0,0,0,2,4,1,7
403,ENSG00000130226-ENSMUSG00000061576-ENSCAFG00000005036,2,0,0,2,1,1,0,12
404,ENSG00000100225-ENSMUSG00000001786-ENSCAFG00000001758,2,0,0,0,1,1,0,8
405,ENSG00000138814-ENSMUSG00000028161-ENSCAFG00000010644,3,0,0,0,0,0,0,9
406,ENSG00000143537-ENSMUSG00000028041-ENSCAFG00000017100,0,0,0,0,9,3,1,13
407,ENSG00000101079-ENSMUSG00000027634-ENSCAFG00000008593,3,0,0,0,0,0,1,10
408,ENSG00000172046-ENSMUSG00000006676-ENSCAFG00000011567,0,0,0,0,4,5,1,10
409,ENSG00000213995-ENSMUSG00000031505-ENSCAFG00000006076,0,0,0,0,2,3,1,6
410,ENSG00000203880-ENSMUSG00000027589-ENSCAFG00000013261,2,0,0,0,0,1,1,8
411,ENSG00000010322-ENSMUSG00000021910-ENSCAFG00000009389,1,0,0,0,3,1,2,9
412,ENSG00000117751-ENSMUSG00000028882-ENSCAFG00000012023,4,0,0,0,0,0,1,13
413,ENSG00000030304-ENSMUSG00000057280-ENSCAFG00000032331,0,0,0,4,0,1,1,10
414,ENSG00000169242-ENSMUSG00000027954-ENSCAFG00000017069,3,0,0,0,0,0,0,9
415,ENSG00000083896-ENSMUSG00000035851-ENSCAFG00000002821,3,0,0,0,0,0,0,9
416,ENSG00000111859-ENSMUSG00000021365-ENSCAFG00000009773,2,0,0,1,1,0,0,9
417,ENSG00000176973-ENSMUSG00000024939-ENSCAFG00000013474,2,0,0,0,1,0,0,7
418,ENSG00000107882-ENSMUSG00000025231-ENSCAFG00000010221,0,0,0,2,1,0,1,6
419,ENSG00000170909-ENSMUSG00000054594-ENSCAFG00000024209,0,0,0,0,9,2,2,13
420,ENSG00000157404-ENSMUSG00000005672-ENSCAFG00000002065,0,0,3,0,0,2,0,8
421,ENSG00000088766-ENSMUSG00000027357-ENSCAFG00000005934,0,2,0,0,2,0,0,6
422,ENSG00000141380-ENSMUSG00000037013-ENSCAFG00000018147,4,0,0,0,0,0,0,12
423,ENSG00000070808-ENSMUSG00000024617-ENSCAFG00000018163,4,0,0,0,0,0,0,12
424,ENSG00000137474-ENSMUSG00000030761-ENSCAFG00000005074,4,0,0,1,1,0,2,17
425,ENSG00000168066-ENSMUSG00000024949-ENSCAFG00000014239,5,0,1,0,0,0,0,17
426,ENSG00000049130-ENSMUSG00000019966-ENSCAFG00000006091,2,0,0,0,0,0,0,6
427,ENSG00000135018-ENSMUSG00000005312-ENSCAFG00000001435,2,0,0,0,0,0,0,6
428,ENSG00000112282-ENSMUSG00000019984-ENSCAFG00000000380,0,2,0,0,3,0,0,7
429,ENSG00000100578-ENSMUSG00000034601-ENSCAFG00000015377,0,0,1,0,5,2,1,10
430,ENSG00000124357-ENSMUSG00000034744-ENSCAFG00000030475,0,0,0,1,2,2,1,7
431,ENSG00000150627-ENSMUSG00000039375-ENSCAFG00000008450,0,0,0,4,0,0,1,9
432,ENSG00000113657-ENSMUSG00000024501-ENSCAFG00000006607,1,0,0,1,0,1,0,6
433,ENSG00000138032-ENSMUSG00000061130-ENSCAFG00000002535,2,0,0,0,2,3,0,11
434,ENSG00000100105-ENSMUSG00000020453-ENSCAFG00000013087,2,0,0,2,0,0,1,11
435,ENSG00000137203-ENSMUSG00000021359-ENSCAFG00000009658,1,0,0,2,0,0,0,7
436,ENSG00000173905-ENSMUSG00000034109-ENSCAFG00000014599,0,0,3,0,0,3,0,9
437,ENSG00000150672-ENSMUSG00000052572-ENSCAFG00000004544,3,0,0,2,1,1,1,16
438,ENSG00000129219-ENSMUSG00000020828-ENSCAFG00000015843,1,0,0,2,1,0,1,9
439,ENSG00000175416-ENSMUSG00000047547-ENSCAFG00000016689,2,0,0,0,0,0,0,6
440,ENSG00000109790-ENSMUSG00000054920-ENSCAFG00000016145,2,0,0,0,2,0,1,9
441,ENSG00000129116-ENSMUSG00000058056-ENSCAFG00000007492,3,1,0,1,0,2,1,16
442,ENSG00000169727-ENSMUSG00000025156-ENSCAFG00000005938,0,1,0,0,6,3,0,11
443,ENSG00000179262-ENSMUSG00000003813-ENSCAFG00000017085,3,0,0,0,0,0,0,9
444,ENSG00000133997-ENSMUSG00000002679-ENSCAFG00000016675,3,0,0,0,2,0,0,11
445,ENSG00000172530-ENSMUSG00000025316-ENSCAFG00000019894,4,0,0,0,4,3,1,20
446,ENSG00000105971-ENSMUSG00000000058-ENSCAFG00000003402,2,0,1,0,0,0,1,9
447,ENSG00000028277-ENSMUSG00000008496-ENSCAFG00000004911,2,0,0,4,0,0,1,15
448,ENSG00000127152-ENSMUSG00000048251-ENSCAFG00000017809,3,0,0,0,0,0,1,10
449,ENSG00000012504-ENSMUSG00000047638-ENSCAFG00000006835,1,0,3,1,0,1,1,13
450,ENSG00000115414-ENSMUSG00000026193-ENSCAFG00000014345,0,0,0,8,6,0,1,23
451,ENSG00000198722-ENSMUSG00000028456-ENSCAFG00000002030,1,0,2,2,0,0,0,11
452,ENSG00000166979-ENSMUSG00000039903-ENSCAFG00000008978,3,0,1,0,0,0,0,11
453,ENSG00000127837-ENSMUSG00000006299-ENSCAFG00000014625,2,0,0,0,0,0,0,6
454,ENSG00000132535-ENSMUSG00000020886-ENSCAFG00000015995,0,0,0,3,0,0,1,7
455,ENSG00000168003-ENSMUSG00000010095-ENSCAFG00000015495,1,0,0,1,2,0,0,7
456,ENSG00000184271-ENSMUSG00000009739-ENSCAFG00000007790,1,0,0,2,0,0,1,8
457,ENSG00000143190-ENSMUSG00000026565-ENSCAFG00000015512,2,0,0,1,0,2,1,11
458,ENSG00000142173-ENSMUSG00000020241-ENSCAFG00000029022,0,0,0,0,4,2,1,7
459,ENSG00000204138-ENSMUSG00000066043-ENSCAFG00000011801,3,0,0,0,0,0,0,9
460,ENSG00000198589-ENSMUSG00000028080-ENSCAFG00000007907,1,2,0,0,1,1,0,9
461,ENSG00000170017-ENSMUSG00000022636-ENSCAFG00000009721,2,0,0,0,0,0,0,6
462,ENSG00000172159-ENSMUSG00000049122-ENSCAFG00000001446,0,0,0,2,3,0,1,8
463,ENSG00000148541-ENSMUSG00000043259-ENSCAFG00000012414,3,0,0,4,0,0,0,17
464,ENSG00000085978-ENSMUSG00000026289-ENSCAFG00000011752,4,0,0,0,0,0,0,12
465,ENSG00000101945-ENSMUSG00000039231-ENSCAFG00000015545,1,0,0,0,1,1,0,5
466,ENSG00000136932-ENSMUSG00000028331-ENSCAFG00000002460,0,0,0,2,0,1,1,6
467,ENSG00000105619-ENSMUSG00000006335-ENSCAFG00000002701,3,0,0,0,0,1,0,10
468,ENSG00000160789-ENSMUSG00000028063-ENSCAFG00000016863,4,0,0,0,2,0,1,15
469,ENSG00000074410-ENSMUSG00000032373-ENSCAFG00000016990,0,0,0,0,3,2,1,6
470,ENSG00000182504-ENSMUSG00000022604-ENSCAFG00000009608,0,0,2,0,0,4,0,8
471,ENSG00000118965-ENSMUSG00000066643-ENSCAFG00000003791,2,0,0,0,0,0,1,7
472,ENSG00000172493-ENSMUSG00000029313-ENSCAFG00000009476,1,0,0,1,1,1,0,7
473,ENSG00000144554-ENSMUSG00000034023-ENSCAFG00000005182,0,0,1,0,3,2,1,8
474,ENSG00000135905-ENSMUSG00000038608-ENSCAFG00000010292,1,0,1,1,0,1,1,9
475,ENSG00000136238-ENSMUSG00000001847-ENSCAFG00000015716,0,0,0,2,0,0,2,6
476,ENSG00000117598-ENSMUSG00000033342-ENSCAFG00000020057,0,0,0,2,0,0,1,5
477,ENSG00000198947-ENSMUSG00000045103-ENSCAFG00000023562,7,0,2,0,0,0,0,25
478,ENSG00000111846-ENSMUSG00000021360-ENSCAFG00000009680,0,0,0,2,2,1,1,8
479,ENSG00000100095-ENSMUSG00000058153-ENSCAFG00000011694,8,0,0,0,0,0,0,24
480,ENSG00000196821-ENSMUSG00000056692-ENSCAFG00000001229,3,0,0,0,0,0,0,9
481,ENSG00000196236-ENSMUSG00000022401-ENSCAFG00000001134,2,0,0,0,1,0,0,7
482,ENSG00000183049-ENSMUSG00000039145-ENSCAFG00000004784,1,0,0,0,1,1,0,5
483,ENSG00000033627-ENSMUSG00000019302-ENSCAFG00000015017,2,0,0,1,0,0,2,10
484,ENSG00000171055-ENSMUSG00000056121-ENSCAFG00000005904,2,0,0,0,0,0,0,6
485,ENSG00000063854-ENSMUSG00000024158-ENSCAFG00000019490,2,0,1,0,0,0,1,9
486,ENSG00000165905-ENSMUSG00000040434-ENSCAFG00000009342,0,0,0,0,4,3,1,8
487,ENSG00000159842-ENSMUSG00000017631-ENSCAFG00000019060,3,1,0,2,0,0,1,16
488,ENSG00000145362-ENSMUSG00000032826-ENSCAFG00000011769,4,0,0,2,0,0,0,16
489,ENSG00000156675-ENSMUSG00000031488-ENSCAFG00000006176,2,0,0,0,0,0,2,8
490,ENSG00000239264-ENSMUSG00000038991-ENSCAFG00000009582,1,0,0,1,0,1,0,6
491,ENSG00000114098-ENSMUSG00000032468-ENSCAFG00000007523,4,0,0,1,3,0,1,18
492,ENSG00000163406-ENSMUSG00000022899-ENSCAFG00000011672,1,1,0,0,1,1,0,7
493,ENSG00000064419-ENSMUSG00000012535-ENSCAFG00000001543,2,0,0,0,0,1,0,7
494,ENSG00000116871-ENSMUSG00000028849-ENSCAFG00000023898,3,1,1,0,0,0,0,13
495,ENSG00000108509-ENSMUSG00000040712-ENSCAFG00000015674,4,0,2,1,1,0,0,19
496,ENSG00000166886-ENSMUSG00000025402-ENSCAFG00000000160,2,0,0,0,0,0,0,6
497,ENSG00000007402-ENSMUSG00000010066-ENSCAFG00000010431,0,0,0,7,0,0,1,15
498,ENSG00000145147-ENSMUSG00000031558-ENSCAFG00000016608,4,0,0,1,0,0,1,15
499,ENSG00000163743-ENSMUSG00000029397-ENSCAFG00000032536,0,0,0,4,1,0,2,11
500,ENSG00000149534-ENSMUSG00000024680-ENSCAFG00000010352,3,0,0,0,0,2,0,11
501,ENSG00000117500-ENSMUSG00000063406-ENSCAFG00000020146,1,0,0,0,1,1,0,5
502,ENSG00000175806-ENSMUSG00000054733-ENSCAFG00000008143,1,0,0,3,1,0,1,11
503,ENSG00000159650-ENSMUSG00000034456-ENSCAFG00000003843,1,0,0,0,1,1,0,5
504,ENSG00000105520-ENSMUSG00000040563-ENSCAFG00000017423,3,0,0,0,0,0,1,10
505,ENSG00000165689-ENSMUSG00000026927-ENSCAFG00000019678,3,0,0,1,0,0,2,13
506,ENSG00000179299-ENSMUSG00000029206-ENSCAFG00000015893,0,0,0,3,0,2,1,9
507,ENSG00000138758-ENSMUSG00000058013-ENSCAFG00000008668,1,0,0,4,1,0,0,12
508,ENSG00000113327-ENSMUSG00000020436-ENSCAFG00000017227,1,1,0,1,2,0,1,10
509,ENSG00000159352-ENSMUSG00000005625-ENSCAFG00000012565,1,0,0,1,0,0,0,5
510,ENSG00000064012-ENSMUSG00000026029-ENSCAFG00000025192,0,0,0,0,6,4,1,11
511,ENSG00000240771-ENSMUSG00000019467-ENSCAFG00000000250,1,0,0,1,0,1,0,6
512,ENSG00000088387-ENSMUSG00000025558-ENSCAFG00000005730,3,0,0,0,2,3,0,14
513,ENSG00000184277-ENSMUSG00000078681-ENSCAFG00000010503,1,0,0,1,2,3,1,11
514,ENSG00000113108-ENSMUSG00000006050-ENSCAFG00000005825,2,0,2,0,0,1,0,11
515,ENSG00000070190-ENSMUSG00000028159-ENSCAFG00000010571,2,0,0,0,1,0,0,7
516,ENSG00000091409-ENSMUSG00000027111-ENSCAFG00000013006,2,0,0,1,0,0,1,9
517,ENSG00000164176-ENSMUSG00000034488-ENSCAFG00000008467,2,0,0,0,0,0,0,6
518,ENSG00000113758-ENSMUSG00000034675-ENSCAFG00000016357,1,0,0,2,1,1,0,9
519,ENSG00000124678-ENSMUSG00000062859-ENSCAFG00000001287,0,0,1,0,8,3,0,13
520,ENSG00000141934-ENSMUSG00000052151-ENSCAFG00000019734,0,0,2,0,1,2,0,7
521,ENSG00000186231-ENSMUSG00000040387-ENSCAFG00000003452,5,0,0,0,0,0,0,15
522,ENSG00000021852-ENSMUSG00000029656-ENSCAFG00000018937,0,2,0,0,3,0,0,7
523,ENSG00000165194-ENSMUSG00000051323-ENSCAFG00000017514,2,0,0,1,0,0,0,8
524,ENSG00000187848-ENSMUSG00000029503-ENSCAFG00000006270,4,1,1,1,3,1,0,22
525,ENSG00000107147-ENSMUSG00000058740-ENSCAFG00000019737,2,0,0,1,2,0,0,10
526,ENSG00000266094-ENSMUSG00000026430-ENSCAFG00000029799,0,0,0,2,2,1,1,8
527,ENSG00000130816-ENSMUSG00000004099-ENSCAFG00000017892,0,0,0,0,2,3,2,7
528,ENSG00000182985-ENSMUSG00000032076-ENSCAFG00000013482,7,0,0,0,0,0,0,21
529,ENSG00000176771-ENSMUSG00000049690-ENSCAFG00000005003,1,0,2,0,0,2,1,10
530,ENSG00000213047-ENSMUSG00000056268-ENSCAFG00000011353,1,0,0,2,2,1,0,10
531,ENSG00000162739-ENSMUSG00000015314-ENSCAFG00000023704,0,0,0,0,3,3,1,7
532,ENSG00000204843-ENSMUSG00000031865-ENSCAFG00000008608,7,0,0,0,0,0,1,22
533,ENSG00000010295-ENSMUSG00000038271-ENSCAFG00000015047,4,0,0,0,0,0,0,12
534,ENSG00000161533-ENSMUSG00000020777-ENSCAFG00000004989,2,0,0,0,0,0,0,6
535,ENSG00000136021-ENSMUSG00000069539-ENSCAFG00000006752,0,0,0,2,0,1,1,6
536,ENSG00000166927-ENSMUSG00000024672-ENSCAFG00000010370,0,0,0,0,3,3,1,7
537,ENSG00000163630-ENSMUSG00000056296-ENSCAFG00000029431,2,0,0,0,0,0,0,6
538,ENSG00000156219-ENSMUSG00000034842-ENSCAFG00000008589,0,0,0,0,3,3,1,7
539,ENSG00000196323-ENSMUSG00000047412-ENSCAFG00000009981,2,0,0,0,3,0,0,9
540,ENSG00000156642-ENSMUSG00000032336-ENSCAFG00000017808,1,0,0,4,0,0,0,11
541,ENSG00000169851-ENSMUSG00000029108-ENSCAFG00000016342,0,0,0,3,1,0,1,8
542,ENSG00000102030-ENSMUSG00000031388-ENSCAFG00000019415,2,0,0,0,0,2,0,8
543,ENSG00000108443-ENSMUSG00000020516-ENSCAFG00000017679,3,0,0,0,1,1,0,11
544,ENSG00000143398-ENSMUSG00000028126-ENSCAFG00000012554,2,0,0,2,1,1,0,12
545,ENSG00000156515-ENSMUSG00000037012-ENSCAFG00000013917,1,0,0,2,1,2,0,10
546,ENSG00000139436-ENSMUSG00000041890-ENSCAFG00000010725,6,0,2,0,0,0,0,22
547,ENSG00000060656-ENSMUSG00000028909-ENSCAFG00000011524,3,0,0,1,0,0,1,12
548,ENSG00000132603-ENSMUSG00000031917-ENSCAFG00000029835,1,0,0,1,0,0,0,5
549,ENSG00000114544-ENSMUSG00000030089-ENSCAFG00000003765,3,0,0,0,2,0,0,11
550,ENSG00000076826-ENSMUSG00000044433-ENSCAFG00000018288,0,0,0,4,0,1,1,10
551,ENSG00000139970-ENSMUSG00000021087-ENSCAFG00000015578,1,0,0,1,0,0,1,6
552,ENSG00000135903-ENSMUSG00000004872-ENSCAFG00000016041,0,0,0,4,4,0,1,13
553,ENSG00000142945-ENSMUSG00000028678-ENSCAFG00000004770,0,0,1,0,1,2,0,5
554,ENSG00000168763-ENSMUSG00000001138-ENSCAFG00000023414,0,0,0,3,0,0,1,7
555,ENSG00000178804-ENSMUSG00000042279-ENSCAFG00000004631,0,0,0,0,2,2,1,5
556,ENSG00000161649-ENSMUSG00000017309-ENSCAFG00000014429,1,0,1,0,3,3,1,12
557,ENSG00000126106-ENSMUSG00000048772-ENSCAFG00000004791,2,1,0,0,0,1,0,9
558,ENSG00000131626-ENSMUSG00000037519-ENSCAFG00000010544,2,0,1,1,0,0,2,12
559,ENSG00000121579-ENSMUSG00000022698-ENSCAFG00000010694,0,0,0,2,0,0,1,5
560,ENSG00000180481-ENSMUSG00000020214-ENSCAFG00000029990,0,0,0,1,1,1,1,5
561,ENSG00000109943-ENSMUSG00000032021-ENSCAFG00000011705,3,0,0,0,0,0,0,9
562,ENSG00000165061-ENSMUSG00000037492-ENSCAFG00000005744,3,0,0,0,0,0,0,9
563,ENSG00000053747-ENSMUSG00000024421-ENSCAFG00000018173,3,0,0,2,2,0,0,15
564,ENSG00000109458-ENSMUSG00000031714-ENSCAFG00000003613,1,0,0,2,0,0,0,7
565,ENSG00000187735-ENSMUSG00000033813-ENSCAFG00000006970,2,0,0,0,0,1,0,7
566,ENSG00000134755-ENSMUSG00000024331-ENSCAFG00000018085,2,0,0,0,0,0,1,7
567,ENSG00000128591-ENSMUSG00000068699-ENSCAFG00000001585,3,0,0,0,0,0,0,9
568,ENSG00000143952-ENSMUSG00000020128-ENSCAFG00000003153,2,0,0,0,0,0,0,6
569,ENSG00000120438-ENSMUSG00000068039-ENSCAFG00000000732,2,0,0,0,0,1,0,7
570,ENSG00000112146-ENSMUSG00000001366-ENSCAFG00000002264,2,0,0,0,1,1,0,8
571,ENSG00000005844-ENSMUSG00000030830-ENSCAFG00000016603,0,0,0,0,2,2,1,5
572,ENSG00000138073-ENSMUSG00000045302-ENSCAFG00000004688,3,0,0,0,0,0,0,9
573,ENSG00000148219-ENSMUSG00000028373-ENSCAFG00000003504,1,0,0,3,2,0,0,11
574,ENSG00000058335-ENSMUSG00000032356-ENSCAFG00000014053,0,0,0,0,3,2,1,6
575,ENSG00000118200-ENSMUSG00000041570-ENSCAFG00000011082,0,0,0,2,2,1,1,8
576,ENSG00000072062-ENSMUSG00000005469-ENSCAFG00000016488,1,0,0,2,0,0,0,7
577,ENSG00000111790-ENSMUSG00000040242-ENSCAFG00000011221,3,0,0,0,0,0,0,9
578,ENSG00000132305-ENSMUSG00000052337-ENSCAFG00000007564,4,0,0,0,1,1,1,15
579,ENSG00000197818-ENSMUSG00000039463-ENSCAFG00000011460,0,0,1,0,1,2,0,5
580,ENSG00000138795-ENSMUSG00000027985-ENSCAFG00000011252,5,0,0,0,0,0,0,15
581,ENSG00000136153-ENSMUSG00000033060-ENSCAFG00000005061,2,0,0,1,1,0,1,10
582,ENSG00000108840-ENSMUSG00000008855-ENSCAFG00000014334,3,0,0,0,2,0,1,12
583,ENSG00000115593-ENSMUSG00000055027-ENSCAFG00000007437,2,0,0,0,0,0,0,6
584,ENSG00000042980-ENSMUSG00000014725-ENSCAFG00000009056,0,0,0,0,2,2,1,5
585,ENSG00000136848-ENSMUSG00000026883-ENSCAFG00000020290,5,0,0,0,0,1,0,16
586,ENSG00000106012-ENSMUSG00000036555-ENSCAFG00000016379,0,0,0,0,5,2,1,8
587,ENSG00000170242-ENSMUSG00000059263-ENSCAFG00000007754,1,0,0,3,0,0,0,9
588,ENSG00000162374-ENSMUSG00000028546-ENSCAFG00000003927,4,0,0,3,1,0,0,19
589,ENSG00000124334-ENSMUSG00000020279-ENSCAFG00000023298,0,0,0,0,2,2,1,5
590,ENSG00000009780-ENSMUSG00000028878-ENSCAFG00000029112,3,0,0,0,2,0,0,11
591,ENSG00000090372-ENSMUSG00000030374-ENSCAFG00000004226,2,0,0,0,0,0,0,6
592,ENSG00000103599-ENSMUSG00000037801-ENSCAFG00000017422,0,0,5,0,1,2,0,13
593,ENSG00000171130-ENSMUSG00000039347-ENSCAFG00000004543,0,1,0,0,4,1,0,7
594,ENSG00000100162-ENSMUSG00000068101-ENSCAFG00000001003,2,0,0,0,4,1,0,11
595,ENSG00000109163-ENSMUSG00000029255-ENSCAFG00000002785,2,0,0,0,1,1,0,8
596,ENSG00000130294-ENSMUSG00000014602-ENSCAFG00000012713,5,0,0,0,0,0,1,16
597,ENSG00000101843-ENSMUSG00000031429-ENSCAFG00000018007,1,0,1,0,0,1,0,6
598,ENSG00000148660-ENSMUSG00000021820-ENSCAFG00000015161,7,0,0,0,0,0,1,22
599,ENSG00000157388-ENSMUSG00000015968-ENSCAFG00000008525,4,0,0,2,0,0,1,17
600,ENSG00000128578-ENSMUSG00000039629-ENSCAFG00000001515,2,0,1,0,0,0,0,8
601,ENSG00000146776-ENSMUSG00000020564-ENSCAFG00000004012,1,0,0,2,0,1,0,8
602,ENSG00000099783-ENSMUSG00000059208-ENSCAFG00000018524,2,0,0,0,0,0,1,7
603,ENSG00000127980-ENSMUSG00000005907-ENSCAFG00000001977,3,0,0,0,0,0,2,11
604,ENSG00000143376-ENSMUSG00000028136-ENSCAFG00000012737,2,0,0,0,0,0,1,7
605,ENSG00000106086-ENSMUSG00000005225-ENSCAFG00000003056,2,0,0,0,2,0,1,9
606,ENSG00000100298-ENSMUSG00000009585-ENSCAFG00000001361,0,0,0,0,6,3,1,10
607,ENSG00000172239-ENSMUSG00000025451-ENSCAFG00000018563,1,0,0,3,0,0,0,9
608,ENSG00000082438-ENSMUSG00000034903-ENSCAFG00000010630,0,0,2,0,1,2,1,8
609,ENSG00000166387-ENSMUSG00000036528-ENSCAFG00000006757,2,0,1,0,2,1,0,11
610,ENSG00000136699-ENSMUSG00000005899-ENSCAFG00000014966,2,0,3,0,0,2,0,14
611,ENSG00000144283-ENSMUSG00000026991-ENSCAFG00000009361,2,0,0,1,0,0,1,9
612,ENSG00000050405-ENSMUSG00000023022-ENSCAFG00000008230,2,0,2,0,1,0,1,12
613,ENSG00000152492-ENSMUSG00000038127-ENSCAFG00000014058,3,0,0,0,0,0,0,9
614,ENSG00000111554-ENSMUSG00000020212-ENSCAFG00000000412,0,0,0,0,4,4,2,10
615,ENSG00000161813-ENSMUSG00000023025-ENSCAFG00000008174,1,0,0,5,1,0,0,14
616,ENSG00000111058-ENSMUSG00000035948-ENSCAFG00000005820,0,1,0,0,2,2,0,6
617,ENSG00000117625-ENSMUSG00000037395-ENSCAFG00000012107,6,0,3,0,0,0,0,24
618,ENSG00000111452-ENSMUSG00000044017-ENSCAFG00000006655,0,0,0,0,2,2,1,5
619,ENSG00000197183-ENSMUSG00000061411-ENSCAFG00000007232,1,0,0,1,0,0,1,6
620,ENSG00000255529-ENSMUSG00000032199-ENSCAFG00000031678,1,0,0,0,1,1,0,5
621,ENSG00000156931-ENSMUSG00000033653-ENSCAFG00000013170,3,0,0,0,0,0,1,10
622,ENSG00000166405-ENSMUSG00000048330-ENSCAFG00000006903,0,0,0,4,0,0,1,9
623,ENSG00000011347-ENSMUSG00000024743-ENSCAFG00000016121,5,0,0,0,0,0,0,15
624,ENSG00000109103-ENSMUSG00000002058-ENSCAFG00000018713,2,1,0,0,1,1,0,10
625,ENSG00000162946-ENSMUSG00000043051-ENSCAFG00000011736,0,0,1,0,11,4,0,17
626,ENSG00000142528-ENSMUSG00000048012-ENSCAFG00000032305,0,0,0,0,4,4,1,9
627,ENSG00000164211-ENSMUSG00000024378-ENSCAFG00000030762,0,0,0,0,3,2,1,6
628,ENSG00000101557-ENSMUSG00000047879-ENSCAFG00000018309,1,0,0,1,0,0,1,6
629,ENSG00000157869-ENSMUSG00000029128-ENSCAFG00000007005,0,0,0,2,1,1,1,7
630,ENSG00000130592-ENSMUSG00000018819-ENSCAFG00000010077,1,0,1,0,4,5,0,14
631,ENSG00000148057-ENSMUSG00000050002-ENSCAFG00000029948,0,0,0,0,2,2,1,5
632,ENSG00000154040-ENSMUSG00000024430-ENSCAFG00000014114,0,0,0,0,9,7,2,18
633,ENSG00000148814-ENSMUSG00000015980-ENSCAFG00000011123,0,0,0,0,4,2,1,7
634,ENSG00000118515-ENSMUSG00000019970-ENSCAFG00000000217,3,1,0,2,1,0,1,17
635,ENSG00000150471-ENSMUSG00000037605-ENSCAFG00000002364,7,0,0,0,0,0,0,21
636,ENSG00000138468-ENSMUSG00000052917-ENSCAFG00000029915,0,0,1,0,5,3,0,10
637,ENSG00000138668-ENSMUSG00000000568-ENSCAFG00000025045,4,0,0,0,0,0,0,12
638,ENSG00000143882-ENSMUSG00000020566-ENSCAFG00000003464,3,0,0,0,0,0,0,9
639,ENSG00000106278-ENSMUSG00000068748-ENSCAFG00000003510,0,0,0,3,0,0,1,7
640,ENSG00000117245-ENSMUSG00000028758-ENSCAFG00000015035,0,0,1,0,2,2,1,7
641,ENSG00000166881-ENSMUSG00000040195-ENSCAFG00000000159,0,0,0,3,0,0,1,7
642,ENSG00000139613-ENSMUSG00000025369-ENSCAFG00000000109,0,0,0,5,0,0,1,11
643,ENSG00000112305-ENSMUSG00000026155-ENSCAFG00000002612,3,0,0,0,2,0,0,11
644,ENSG00000173805-ENSMUSG00000006930-ENSCAFG00000015920,0,1,0,0,3,1,1,7
645,ENSG00000147231-ENSMUSG00000042498-ENSCAFG00000017914,0,0,2,0,0,2,0,6
646,ENSG00000090686-ENSMUSG00000043411-ENSCAFG00000014825,3,0,0,0,0,1,0,10
647,ENSG00000140632-ENSMUSG00000022536-ENSCAFG00000019152,1,0,0,1,0,0,1,6
648,ENSG00000171840-ENSMUSG00000041377-ENSCAFG00000015790,1,0,0,0,2,3,1,9
649,ENSG00000106069-ENSMUSG00000004633-ENSCAFG00000003023,5,1,0,1,0,1,0,20
650,ENSG00000108309-ENSMUSG00000006575-ENSCAFG00000014197,3,0,0,0,0,1,0,10
651,ENSG00000145506-ENSMUSG00000021567-ENSCAFG00000010833,0,0,0,2,1,0,1,6
652,ENSG00000183323-ENSMUSG00000048924-ENSCAFG00000007760,0,1,0,0,3,1,2,8
653,ENSG00000198270-ENSMUSG00000029452-ENSCAFG00000008770,0,0,0,2,3,1,1,9
654,ENSG00000196511-ENSMUSG00000029735-ENSCAFG00000025529,2,0,0,0,0,0,0,6
655,ENSG00000111335-ENSMUSG00000032690-ENSCAFG00000023107,0,0,1,0,2,2,1,7
656,ENSG00000064787-ENSMUSG00000013523-ENSCAFG00000011825,1,0,0,2,0,1,1,9
657,ENSG00000172733-ENSMUSG00000049184-ENSCAFG00000006442,1,0,0,1,0,0,1,6
658,ENSG00000128951-ENSMUSG00000027203-ENSCAFG00000014277,1,0,1,0,2,1,0,8
659,ENSG00000141968-ENSMUSG00000034116-ENSCAFG00000018590,3,1,0,0,0,1,0,12
660,ENSG00000151962-ENSMUSG00000033882-ENSCAFG00000008473,3,0,0,0,0,0,0,9
661,ENSG00000136244-ENSMUSG00000025746-ENSCAFG00000002733,0,0,1,0,3,2,0,7
662,ENSG00000141503-ENSMUSG00000020827-ENSCAFG00000015747,1,0,0,5,0,0,0,13
663,ENSG00000100284-ENSMUSG00000042870-ENSCAFG00000001717,2,0,0,0,2,1,0,9
664,ENSG00000067606-ENSMUSG00000029053-ENSCAFG00000019381,2,0,0,0,1,0,0,7
665,ENSG00000149182-ENSMUSG00000027255-ENSCAFG00000008903,3,0,0,0,0,0,0,9
666,ENSG00000181090-ENSMUSG00000036893-ENSCAFG00000019390,0,0,0,0,2,4,1,7
667,ENSG00000104728-ENSMUSG00000071176-ENSCAFG00000013667,0,0,0,0,3,2,1,6
668,ENSG00000134955-ENSMUSG00000032122-ENSCAFG00000010949,0,0,0,1,1,1,1,5
669,ENSG00000078043-ENSMUSG00000025423-ENSCAFG00000017599,1,0,0,2,0,2,0,9
670,ENSG00000135636-ENSMUSG00000033788-ENSCAFG00000009033,13,0,0,0,0,0,0,39
671,ENSG00000131558-ENSMUSG00000029763-ENSCAFG00000001308,1,0,0,0,1,1,0,5
672,ENSG00000154589-ENSMUSG00000025779-ENSCAFG00000032483,2,0,0,0,0,1,0,7
673,ENSG00000008056-ENSMUSG00000037217-ENSCAFG00000015146,2,0,0,0,0,0,0,6
674,ENSG00000134758-ENSMUSG00000024317-ENSCAFG00000018017,1,0,0,3,0,0,0,9
675,ENSG00000167535-ENSMUSG00000003352-ENSCAFG00000008857,2,0,0,1,1,0,0,9
676,ENSG00000148429-ENSMUSG00000039046-ENSCAFG00000004866,3,0,0,0,0,0,0,9
677,ENSG00000173744-ENSMUSG00000026159-ENSCAFG00000010465,0,0,0,6,0,0,1,13
678,ENSG00000155256-ENSMUSG00000018820-ENSCAFG00000009246,4,0,1,0,2,0,1,17
679,ENSG00000131059-ENSMUSG00000027482-ENSCAFG00000024734,1,0,0,0,2,1,0,6
680,ENSG00000124067-ENSMUSG00000017765-ENSCAFG00000020329,2,0,0,0,2,1,1,10
681,ENSG00000171603-ENSMUSG00000039953-ENSCAFG00000019740,2,0,0,0,0,0,0,6
682,ENSG00000124731-ENSMUSG00000042265-ENSCAFG00000001591,0,0,0,0,3,2,1,6
683,ENSG00000010704-ENSMUSG00000006611-ENSCAFG00000010925,0,1,0,0,10,1,1,14
684,ENSG00000103942-ENSMUSG00000025813-ENSCAFG00000013174,3,0,0,0,0,0,1,10
685,ENSG00000164970-ENSMUSG00000028439-ENSCAFG00000001919,3,0,0,0,0,0,0,9
686,ENSG00000097007-ENSMUSG00000026842-ENSCAFG00000019938,1,0,0,1,0,0,1,6
687,ENSG00000104953-ENSMUSG00000034758-ENSCAFG00000019300,0,0,1,0,2,2,0,6
688,ENSG00000099957-ENSMUSG00000022758-ENSCAFG00000015060,0,0,0,0,2,2,1,5
689,ENSG00000172292-ENSMUSG00000027035-ENSCAFG00000011826,0,0,0,2,0,0,1,5
690,ENSG00000154310-ENSMUSG00000027692-ENSCAFG00000015157,1,0,0,8,0,0,0,19
691,ENSG00000182287-ENSMUSG00000031367-ENSCAFG00000012215,3,0,0,0,0,0,0,9
692,ENSG00000134243-ENSMUSG00000068747-ENSCAFG00000019835,0,0,1,1,0,1,1,6
693,ENSG00000178691-ENSMUSG00000017548-ENSCAFG00000018498,0,0,0,2,0,0,1,5
694,ENSG00000134278-ENSMUSG00000024533-ENSCAFG00000018846,0,0,0,0,3,2,1,6
695,ENSG00000154914-ENSMUSG00000020905-ENSCAFG00000017439,0,0,0,2,0,0,1,5
696,ENSG00000112855-ENSMUSG00000019143-ENSCAFG00000005905,2,0,0,1,0,0,1,9
697,ENSG00000138798-ENSMUSG00000028017-ENSCAFG00000011532,0,0,0,0,3,2,2,7
698,ENSG00000271447-ENSMUSG00000020682-ENSCAFG00000018182,3,0,0,0,2,0,0,11
699,ENSG00000100505-ENSMUSG00000021071-ENSCAFG00000014603,4,0,0,0,0,2,0,14
700,ENSG00000181392-ENSMUSG00000019737-ENSCAFG00000006676,0,0,0,2,2,0,2,8
701,ENSG00000162777-ENSMUSG00000027901-ENSCAFG00000019764,0,0,0,0,2,2,1,5
702,ENSG00000163534-ENSMUSG00000059994-ENSCAFG00000016449,0,0,1,0,2,4,1,9
703,ENSG00000139219-ENSMUSG00000022483-ENSCAFG00000009059,1,0,0,2,0,0,1,8
704,ENSG00000168743-ENSMUSG00000040998-ENSCAFG00000010936,0,0,0,0,5,5,1,11
705,ENSG00000132676-ENSMUSG00000068921-ENSCAFG00000016941,0,1,0,0,5,2,0,9
706,ENSG00000187098-ENSMUSG00000035158-ENSCAFG00000006496,7,0,0,2,1,0,0,26
707,ENSG00000151914-ENSMUSG00000026131-ENSCAFG00000002413,2,0,0,1,1,4,1,14
708,ENSG00000172270-ENSMUSG00000023175-ENSCAFG00000019717,0,0,0,0,4,2,1,7
709,ENSG00000041988-ENSMUSG00000039759-ENSCAFG00000019625,0,0,0,2,3,0,1,8
710,ENSG00000143337-ENSMUSG00000026466-ENSCAFG00000012665,0,0,0,0,2,3,1,6
711,ENSG00000116698-ENSMUSG00000042772-ENSCAFG00000013276,1,0,1,3,1,1,0,13
712,ENSG00000129159-ENSMUSG00000058975-ENSCAFG00000009072,2,0,0,0,0,0,0,6
713,ENSG00000109572-ENSMUSG00000004319-ENSCAFG00000007669,6,0,0,0,0,0,0,18
714,ENSG00000179915-ENSMUSG00000024109-ENSCAFG00000030961,5,0,0,5,1,0,0,26
715,ENSG00000136709-ENSMUSG00000024400-ENSCAFG00000004326,1,0,1,0,1,2,0,8
716,ENSG00000073282-ENSMUSG00000022510-ENSCAFG00000013961,9,0,0,0,0,0,0,27
717,ENSG00000130202-ENSMUSG00000062300-ENSCAFG00000004626,2,0,0,0,0,0,0,6
718,ENSG00000171444-ENSMUSG00000071856-ENSCAFG00000016257,1,0,0,0,1,1,0,5
719,ENSG00000165192-ENSMUSG00000031382-ENSCAFG00000011921,3,0,0,0,0,0,0,9
720,ENSG00000130150-ENSMUSG00000061778-ENSCAFG00000011879,2,0,0,0,0,1,0,7
721,ENSG00000077254-ENSMUSG00000025437-ENSCAFG00000020373,3,0,0,0,3,0,0,12
722,ENSG00000143365-ENSMUSG00000028150-ENSCAFG00000012884,2,0,0,0,0,0,0,6
723,ENSG00000147044-ENSMUSG00000031012-ENSCAFG00000014358,4,0,0,0,0,0,0,12
724,ENSG00000172819-ENSMUSG00000001288-ENSCAFG00000007050,0,2,0,0,4,0,0,8
725,ENSG00000092439-ENSMUSG00000027365-ENSCAFG00000015230,2,0,0,0,0,0,0,6
726,ENSG00000130940-ENSMUSG00000028977-ENSCAFG00000016771,0,0,0,2,0,0,1,5
727,ENSG00000167130-ENSMUSG00000026856-ENSCAFG00000020001,3,0,0,0,0,0,0,9
728,ENSG00000135336-ENSMUSG00000040044-ENSCAFG00000003080,0,0,2,0,1,2,0,7
729,ENSG00000164904-ENSMUSG00000053644-ENSCAFG00000000588,1,0,0,2,0,1,1,9
730,ENSG00000038427-ENSMUSG00000021614-ENSCAFG00000008582,4,0,0,0,0,1,0,13
731,ENSG00000135333-ENSMUSG00000028289-ENSCAFG00000003332,4,0,0,0,0,0,0,12
732,ENSG00000111602-ENSMUSG00000039994-ENSCAFG00000000124,0,0,1,0,1,4,0,7
733,ENSG00000247077-ENSMUSG00000029500-ENSCAFG00000006123,2,0,0,0,1,0,1,8
734,ENSG00000073060-ENSMUSG00000037936-ENSCAFG00000006968,1,0,0,2,0,0,0,7
735,ENSG00000049239-ENSMUSG00000028980-ENSCAFG00000019727,0,1,0,0,2,1,0,5
736,ENSG00000095370-ENSMUSG00000059013-ENSCAFG00000020118,5,0,0,0,1,0,1,17
737,ENSG00000102230-ENSMUSG00000035246-ENSCAFG00000013493,1,0,0,0,2,1,1,7
738,ENSG00000176884-ENSMUSG00000026959-ENSCAFG00000019499,1,0,0,5,0,0,4,17
739,ENSG00000165626-ENSMUSG00000048186-ENSCAFG00000004736,0,0,0,2,2,0,1,7
740,ENSG00000156313-ENSMUSG00000031174-ENSCAFG00000014003,0,0,0,0,2,4,2,8
741,ENSG00000144061-ENSMUSG00000027378-ENSCAFG00000007057,0,0,0,2,2,1,2,9
742,ENSG00000172340-ENSMUSG00000061838-ENSCAFG00000006612,2,0,0,0,1,0,0,7
743,ENSG00000143622-ENSMUSG00000028057-ENSCAFG00000016911,2,0,0,0,1,0,0,7
744,ENSG00000154133-ENSMUSG00000032125-ENSCAFG00000011022,0,0,0,0,2,2,1,5
745,ENSG00000135049-ENSMUSG00000021557-ENSCAFG00000001358,2,0,1,0,2,2,0,12
746,ENSG00000007062-ENSMUSG00000029086-ENSCAFG00000015233,0,0,0,0,6,10,1,17
747,ENSG00000163913-ENSMUSG00000030323-ENSCAFG00000004785,4,0,1,2,2,0,0,20
748,ENSG00000134644-ENSMUSG00000028580-ENSCAFG00000011205,6,0,0,0,0,0,0,18
749,ENSG00000080802-ENSMUSG00000038784-ENSCAFG00000003223,5,0,0,1,0,0,1,18
750,ENSG00000155511-ENSMUSG00000020524-ENSCAFG00000017765,1,0,0,5,2,0,1,16
751,ENSG00000145194-ENSMUSG00000022842-ENSCAFG00000012533,2,0,2,0,1,0,0,11
752,ENSG00000109667-ENSMUSG00000005107-ENSCAFG00000015634,0,0,0,0,3,6,3,12
753,ENSG00000125746-ENSMUSG00000040811-ENSCAFG00000004409,1,0,1,0,1,2,1,9
754,ENSG00000128342-ENSMUSG00000034394-ENSCAFG00000030931,2,0,0,0,1,0,0,7
755,ENSG00000137821-ENSMUSG00000047766-ENSCAFG00000017623,1,1,1,0,2,2,0,11
756,ENSG00000153317-ENSMUSG00000022377-ENSCAFG00000001096,3,0,0,4,0,0,0,17
757,ENSG00000111785-ENSMUSG00000035620-ENSCAFG00000001805,1,0,1,2,0,0,1,10
758,ENSG00000124493-ENSMUSG00000063239-ENSCAFG00000001202,1,0,0,1,4,1,1,11
759,ENSG00000185324-ENSMUSG00000033862-ENSCAFG00000019820,2,0,0,0,2,0,0,8
760,ENSG00000011451-ENSMUSG00000024050-ENSCAFG00000016006,3,0,1,0,0,1,0,12
761,ENSG00000174516-ENSMUSG00000024901-ENSCAFG00000012682,3,0,1,0,0,0,1,12
762,ENSG00000067177-ENSMUSG00000034055-ENSCAFG00000017179,4,0,0,1,0,0,1,15
763,ENSG00000110429-ENSMUSG00000027180-ENSCAFG00000007148,2,0,0,0,0,0,0,6
764,ENSG00000168528-ENSMUSG00000023232-ENSCAFG00000011063,0,0,0,4,1,0,1,10
765,ENSG00000120616-ENSMUSG00000024240-ENSCAFG00000004100,1,0,0,3,0,0,1,10
766,ENSG00000126217-ENSMUSG00000031442-ENSCAFG00000006240,1,0,1,1,1,3,1,12
767,ENSG00000104951-ENSMUSG00000074141-ENSCAFG00000003439,0,0,1,0,2,2,1,7
768,ENSG00000126970-ENSMUSG00000035062-ENSCAFG00000016559,2,1,0,1,0,1,1,12
769,ENSG00000158813-ENSMUSG00000059327-ENSCAFG00000029925,1,0,0,6,2,3,1,21
770,ENSG00000143452-ENSMUSG00000028109-ENSCAFG00000012075,2,0,0,0,0,4,0,10
771,ENSG00000124313-ENSMUSG00000041115-ENSCAFG00000016179,1,0,0,2,0,0,0,7
772,ENSG00000115041-ENSMUSG00000079056-ENSCAFG00000006920,0,0,0,2,0,1,1,6
773,ENSG00000092969-ENSMUSG00000039239-ENSCAFG00000010815,2,0,0,0,0,0,0,6
774,ENSG00000089685-ENSMUSG00000017716-ENSCAFG00000005302,0,0,2,0,1,2,0,7
775,ENSG00000165322-ENSMUSG00000041225-ENSCAFG00000004045,0,3,0,0,5,0,0,11
776,ENSG00000198742-ENSMUSG00000038780-ENSCAFG00000015133,1,0,0,3,0,0,0,9
777,ENSG00000099956-ENSMUSG00000000902-ENSCAFG00000014105,2,0,0,0,1,0,0,7
778,ENSG00000166317-ENSMUSG00000039376-ENSCAFG00000014847,1,0,0,2,0,0,0,7
779,ENSG00000068438-ENSMUSG00000031171-ENSCAFG00000015339,0,0,3,0,0,2,0,8
780,ENSG00000084234-ENSMUSG00000031996-ENSCAFG00000010132,4,0,0,1,1,0,1,16
781,ENSG00000196498-ENSMUSG00000029478-ENSCAFG00000006985,0,0,0,0,3,3,2,8
782,ENSG00000275410-ENSMUSG00000020679-ENSCAFG00000018150,2,3,0,0,1,0,0,13
783,ENSG00000147852-ENSMUSG00000024924-ENSCAFG00000002028,3,0,0,0,0,0,0,9
784,ENSG00000102466-ENSMUSG00000025551-ENSCAFG00000005926,0,0,0,2,0,0,1,5
785,ENSG00000122417-ENSMUSG00000028256-ENSCAFG00000020256,0,0,2,0,3,4,0,11
786,ENSG00000136574-ENSMUSG00000021944-ENSCAFG00000029087,3,0,0,0,0,0,0,9
787,ENSG00000105419-ENSMUSG00000041420-ENSCAFG00000004161,0,0,0,2,2,0,1,7
788,ENSG00000177575-ENSMUSG00000008845-ENSCAFG00000013968,0,0,0,0,2,2,1,5
789,ENSG00000132639-ENSMUSG00000027273-ENSCAFG00000005662,1,0,0,1,0,0,1,6
790,ENSG00000137942-ENSMUSG00000039735-ENSCAFG00000020135,4,0,0,0,0,0,0,12
791,ENSG00000111450-ENSMUSG00000029428-ENSCAFG00000006694,0,0,0,2,0,0,1,5
792,ENSG00000254087-ENSMUSG00000042228-ENSCAFG00000007034,2,0,0,0,0,0,0,6
793,ENSG00000144290-ENSMUSG00000026904-ENSCAFG00000010242,3,0,1,0,0,0,0,11
794,ENSG00000205755-ENSMUSG00000033467-ENSCAFG00000011034,0,0,0,0,3,2,1,6
795,ENSG00000161791-ENSMUSG00000023008-ENSCAFG00000008465,1,0,0,2,0,0,1,8
796,ENSG00000107447-ENSMUSG00000025014-ENSCAFG00000008507,2,0,0,0,0,1,0,7
797,ENSG00000152582-ENSMUSG00000072663-ENSCAFG00000018767,0,0,3,0,0,2,1,9
798,ENSG00000104365-ENSMUSG00000031537-ENSCAFG00000005526,0,0,1,0,2,2,0,6
799,ENSG00000061676-ENSMUSG00000027002-ENSCAFG00000014355,1,0,0,2,0,0,0,7
800,ENSG00000166833-ENSMUSG00000052512-ENSCAFG00000009777,4,0,0,1,1,2,0,17
801,ENSG00000123374-ENSMUSG00000025358-ENSCAFG00000000082,4,0,0,0,0,0,0,12
802,ENSG00000160917-ENSMUSG00000029625-ENSCAFG00000015036,6,0,0,0,0,0,0,18
803,ENSG00000115020-ENSMUSG00000025949-ENSCAFG00000013684,2,0,2,0,0,0,0,10
804,ENSG00000180902-ENSMUSG00000073609-ENSCAFG00000013152,1,0,0,0,1,2,1,7
805,ENSG00000101150-ENSMUSG00000000827-ENSCAFG00000013072,0,0,0,8,1,0,1,18
806,ENSG00000149177-ENSMUSG00000025314-ENSCAFG00000008279,0,0,0,1,2,1,1,6
807,ENSG00000029153-ENSMUSG00000040187-ENSCAFG00000011089,0,0,0,0,5,4,1,10
808,ENSG00000107554-ENSMUSG00000025195-ENSCAFG00000009561,3,0,0,0,1,2,0,12
809,ENSG00000196843-ENSMUSG00000037447-ENSCAFG00000006546,3,0,0,0,0,3,0,12
810,ENSG00000180488-ENSMUSG00000054942-ENSCAFG00000020368,2,0,0,0,2,0,1,9
811,ENSG00000087589-ENSMUSG00000074570-ENSCAFG00000011920,0,0,0,3,0,1,1,8
812,ENSG00000116641-ENSMUSG00000028556-ENSCAFG00000018765,1,0,0,4,2,0,0,13
813,ENSG00000155755-ENSMUSG00000038079-ENSCAFG00000012317,0,0,0,0,2,2,2,6
814,ENSG00000105939-ENSMUSG00000029826-ENSCAFG00000004102,0,0,2,0,0,3,1,8
815,ENSG00000145687-ENSMUSG00000003992-ENSCAFG00000008677,6,0,0,0,0,0,0,18
816,ENSG00000062194-ENSMUSG00000032745-ENSCAFG00000006945,3,0,0,0,2,0,0,11
817,ENSG00000203963-ENSMUSG00000028520-ENSCAFG00000030133,0,0,1,0,2,2,1,7
818,ENSG00000122257-ENSMUSG00000030779-ENSCAFG00000017566,2,0,0,0,1,1,0,8
819,ENSG00000131351-ENSMUSG00000035439-ENSCAFG00000015551,0,0,0,0,2,2,1,5
820,ENSG00000103091-ENSMUSG00000031959-ENSCAFG00000020099,3,0,0,0,0,1,0,10
821,ENSG00000186635-ENSMUSG00000032812-ENSCAFG00000005677,0,0,0,1,3,2,1,8
822,ENSG00000145888-ENSMUSG00000000263-ENSCAFG00000017827,0,0,0,2,0,0,1,5
823,ENSG00000049769-ENSMUSG00000039556-ENSCAFG00000015938,0,0,0,0,4,2,2,8
824,ENSG00000110075-ENSMUSG00000024908-ENSCAFG00000010819,6,0,0,0,1,0,0,19
825,ENSG00000126777-ENSMUSG00000021843-ENSCAFG00000015162,0,0,0,0,4,14,1,19
826,ENSG00000106070-ENSMUSG00000020176-ENSCAFG00000003422,0,0,0,0,9,2,1,12
827,ENSG00000099204-ENSMUSG00000025085-ENSCAFG00000011513,10,0,0,0,2,0,0,32
828,ENSG00000157036-ENSMUSG00000042787-ENSCAFG00000005039,2,0,0,0,0,1,0,7
829,ENSG00000176406-ENSMUSG00000037386-ENSCAFG00000000670,4,0,0,1,0,2,0,16
830,ENSG00000088448-ENSMUSG00000031508-ENSCAFG00000006095,2,0,0,0,1,0,0,7
831,ENSG00000107669-ENSMUSG00000030850-ENSCAFG00000012400,4,0,0,3,0,0,1,19
832,ENSG00000155111-ENSMUSG00000038481-ENSCAFG00000003902,1,0,0,2,0,0,0,7
833,ENSG00000110497-ENSMUSG00000040506-ENSCAFG00000009193,4,0,0,0,0,0,0,12
834,ENSG00000138675-ENSMUSG00000029337-ENSCAFG00000008886,2,0,0,0,0,0,0,6
835,ENSG00000185532-ENSMUSG00000052920-ENSCAFG00000031979,0,0,0,2,0,0,1,5
836,ENSG00000143374-ENSMUSG00000028107-ENSCAFG00000011941,0,0,3,0,0,4,0,10
837,ENSG00000118507-ENSMUSG00000039166-ENSCAFG00000001147,3,0,0,1,0,0,1,12
838,ENSG00000163618-ENSMUSG00000054423-ENSCAFG00000007072,0,0,0,5,0,0,1,11
839,ENSG00000148408-ENSMUSG00000004113-ENSCAFG00000019380,0,0,0,0,2,2,1,5
840,ENSG00000147526-ENSMUSG00000065954-ENSCAFG00000005876,1,0,5,0,0,1,0,14
841,ENSG00000144744-ENSMUSG00000030061-ENSCAFG00000006548,1,0,0,1,0,0,2,7
842,ENSG00000167258-ENSMUSG00000003119-ENSCAFG00000016411,2,0,0,1,0,0,2,10
843,ENSG00000170390-ENSMUSG00000028078-ENSCAFG00000007870,0,0,0,3,0,1,1,8
844,ENSG00000164418-ENSMUSG00000056073-ENSCAFG00000003580,1,0,0,3,0,0,0,9
845,ENSG00000132002-ENSMUSG00000005483-ENSCAFG00000016286,2,0,0,0,0,0,0,6
846,ENSG00000154153-ENSMUSG00000022270-ENSCAFG00000019100,0,0,0,2,0,0,1,5
847,ENSG00000169064-ENSMUSG00000034151-ENSCAFG00000014517,0,0,0,0,5,2,1,8
848,ENSG00000073921-ENSMUSG00000039361-ENSCAFG00000004486,9,0,0,0,0,0,0,27
849,ENSG00000172005-ENSMUSG00000027375-ENSCAFG00000007047,4,0,0,0,0,0,0,12
850,ENSG00000185043-ENSMUSG00000030538-ENSCAFG00000012099,3,0,0,0,1,0,0,10
851,ENSG00000120802-ENSMUSG00000019961-ENSCAFG00000006529,5,0,0,0,0,0,0,15
852,ENSG00000141551-ENSMUSG00000025162-ENSCAFG00000006059,0,0,0,2,0,0,1,5
853,ENSG00000160606-ENSMUSG00000019437-ENSCAFG00000029722,1,0,0,0,1,1,0,5
854,ENSG00000105991-ENSMUSG00000029844-ENSCAFG00000002936,2,0,0,0,0,0,0,6
855,ENSG00000164944-ENSMUSG00000040720-ENSCAFG00000009240,1,0,0,1,1,1,0,7
856,ENSG00000004766-ENSMUSG00000001376-ENSCAFG00000002018,1,0,1,0,1,2,0,8
857,ENSG00000111880-ENSMUSG00000028274-ENSCAFG00000003089,2,0,0,1,0,1,1,10
858,ENSG00000136110-ENSMUSG00000022025-ENSCAFG00000004829,1,0,0,3,0,0,0,9
859,ENSG00000147509-ENSMUSG00000002459-ENSCAFG00000006955,4,0,0,0,1,0,1,14
860,ENSG00000149451-ENSMUSG00000027318-ENSCAFG00000006234,0,0,0,0,2,3,1,6
861,ENSG00000165782-ENSMUSG00000035953-ENSCAFG00000005416,0,0,0,4,0,0,1,9
862,ENSG00000145604-ENSMUSG00000054115-ENSCAFG00000018725,2,0,0,1,1,0,1,10
863,ENSG00000132780-ENSMUSG00000028693-ENSCAFG00000004517,3,0,0,1,0,0,2,13
864,ENSG00000165995-ENSMUSG00000057914-ENSCAFG00000004474,1,0,0,5,2,3,0,18
865,ENSG00000077463-ENSMUSG00000034748-ENSCAFG00000019123,3,0,0,0,2,1,0,12
866,ENSG00000142459-ENSMUSG00000011832-ENSCAFG00000018316,1,1,0,0,1,1,0,7
867,ENSG00000111405-ENSMUSG00000022468-ENSCAFG00000009199,0,0,0,0,3,2,1,6
868,ENSG00000120156-ENSMUSG00000006386-ENSCAFG00000001713,5,0,0,0,0,0,0,15
869,ENSG00000135124-ENSMUSG00000029470-ENSCAFG00000008363,3,0,0,0,1,0,0,10
870,ENSG00000080493-ENSMUSG00000060961-ENSCAFG00000002939,3,0,0,1,0,0,1,12
871,ENSG00000151276-ENSMUSG00000045095-ENSCAFG00000006722,1,0,0,6,0,2,0,17
872,ENSG00000131018-ENSMUSG00000096054-ENSCAFG00000000445,3,0,0,1,1,0,1,13
873,ENSG00000165966-ENSMUSG00000036218-ENSCAFG00000009821,1,0,0,1,0,0,0,5
874,ENSG00000085831-ENSMUSG00000028555-ENSCAFG00000003888,1,0,0,3,3,0,1,13
875,ENSG00000139116-ENSMUSG00000022629-ENSCAFG00000010250,1,0,0,8,0,0,0,19
876,ENSG00000100227-ENSMUSG00000041815-ENSCAFG00000000959,2,0,0,0,1,0,0,7
877,ENSG00000123901-ENSMUSG00000031932-ENSCAFG00000031257,0,0,2,0,0,2,0,6
878,ENSG00000124214-ENSMUSG00000039536-ENSCAFG00000011347,2,2,0,0,6,0,1,17
879,ENSG00000099917-ENSMUSG00000012114-ENSCAFG00000014932,1,0,0,4,0,0,0,11
880,ENSG00000159648-ENSMUSG00000090206-ENSCAFG00000031082,0,0,0,0,2,2,1,5
881,ENSG00000038532-ENSMUSG00000068663-ENSCAFG00000018920,4,0,0,1,0,0,0,14
882,ENSG00000173511-ENSMUSG00000024962-ENSCAFG00000014577,1,0,0,1,0,0,1,6
883,ENSG00000161011-ENSMUSG00000015837-ENSCAFG00000000360,0,0,0,3,0,0,1,7
884,ENSG00000092445-ENSMUSG00000027298-ENSCAFG00000009632,1,0,0,1,0,1,1,7
885,ENSG00000156011-ENSMUSG00000030465-ENSCAFG00000005301,1,0,1,0,1,2,1,9
886,ENSG00000001617-ENSMUSG00000034684-ENSCAFG00000010804,3,0,0,0,0,0,1,10
887,ENSG00000140455-ENSMUSG00000032376-ENSCAFG00000016993,3,0,0,0,0,0,0,9
888,ENSG00000165185-ENSMUSG00000045071-ENSCAFG00000003043,2,0,1,0,0,0,0,8
889,ENSG00000140832-ENSMUSG00000001672-ENSCAFG00000020193,1,0,0,2,1,0,0,8
890,ENSG00000152503-ENSMUSG00000033949-ENSCAFG00000000219,2,0,1,1,1,0,0,11
891,ENSG00000095397-ENSMUSG00000039137-ENSCAFG00000003344,3,0,0,0,1,1,0,11
892,ENSG00000089327-ENSMUSG00000009687-ENSCAFG00000024320,0,0,0,0,7,6,2,15
893,ENSG00000196405-ENSMUSG00000021262-ENSCAFG00000017889,2,0,0,3,0,0,0,12
894,ENSG00000164347-ENSMUSG00000021666-ENSCAFG00000008298,0,3,0,0,4,1,0,11
895,ENSG00000007341-ENSMUSG00000045576-ENSCAFG00000013597,1,2,0,0,4,0,1,12
896,ENSG00000135930-ENSMUSG00000026254-ENSCAFG00000012558,0,0,0,6,0,0,1,13
897,ENSG00000164828-ENSMUSG00000036817-ENSCAFG00000011273,0,0,0,0,6,5,2,13
898,ENSG00000133216-ENSMUSG00000028664-ENSCAFG00000014323,1,0,0,2,1,1,0,9
899,ENSG00000166200-ENSMUSG00000027206-ENSCAFG00000014850,2,0,0,0,0,0,0,6
900,ENSG00000142875-ENSMUSG00000005034-ENSCAFG00000020319,2,0,5,2,4,0,1,25
901,ENSG00000100567-ENSMUSG00000060073-ENSCAFG00000015287,3,0,0,0,0,0,1,10
902,ENSG00000163453-ENSMUSG00000036256-ENSCAFG00000002330,0,0,1,0,1,2,0,5
903,ENSG00000050438-ENSMUSG00000023032-ENSCAFG00000007728,0,0,1,0,3,2,0,7
904,ENSG00000103710-ENSMUSG00000041696-ENSCAFG00000017123,1,0,0,2,0,1,0,8
905,ENSG00000136689-ENSMUSG00000026981-ENSCAFG00000007277,0,0,0,2,3,1,2,10
906,ENSG00000197893-ENSMUSG00000049134-ENSCAFG00000011103,2,0,0,0,1,0,2,9
907,ENSG00000176946-ENSMUSG00000026279-ENSCAFG00000013012,1,0,0,1,0,0,0,5
908,ENSG00000081237-ENSMUSG00000026395-ENSCAFG00000011265,0,0,0,0,3,3,2,8
909,ENSG00000152413-ENSMUSG00000007617-ENSCAFG00000009074,3,0,1,0,0,3,0,14
910,ENSG00000170162-ENSMUSG00000049641-ENSCAFG00000000920,0,0,3,0,0,2,1,9
911,ENSG00000119661-ENSMUSG00000042523-ENSCAFG00000016858,2,0,0,0,0,0,0,6
912,ENSG00000198929-ENSMUSG00000038473-ENSCAFG00000013086,1,0,0,2,1,0,1,9
913,ENSG00000103313-ENSMUSG00000022534-ENSCAFG00000024473,0,0,0,0,2,2,1,5
914,ENSG00000185963-ENSMUSG00000037933-ENSCAFG00000002289,2,0,0,0,0,1,0,7
915,ENSG00000132466-ENSMUSG00000055204-ENSCAFG00000002998,1,0,0,2,0,0,1,8
916,ENSG00000071626-ENSMUSG00000069565-ENSCAFG00000019528,4,0,0,0,1,0,0,13
917,ENSG00000127838-ENSMUSG00000026179-ENSCAFG00000014632,1,0,0,2,0,0,1,8
918,ENSG00000137944-ENSMUSG00000040213-ENSCAFG00000020207,2,0,0,0,0,0,0,6
919,ENSG00000125388-ENSMUSG00000052783-ENSCAFG00000014693,0,0,0,2,2,2,1,9
920,ENSG00000188158-ENSMUSG00000059493-ENSCAFG00000012783,1,0,0,3,0,0,0,9
921,ENSG00000204979-ENSMUSG00000057240-ENSCAFG00000028588,0,1,0,0,3,1,0,6
922,ENSG00000163599-ENSMUSG00000026011-ENSCAFG00000012876,1,0,0,1,0,0,0,5
923,ENSG00000167291-ENSMUSG00000039976-ENSCAFG00000005578,4,0,0,0,1,0,1,14
924,ENSG00000103126-ENSMUSG00000024182-ENSCAFG00000019684,0,0,2,0,0,3,0,7
925,ENSG00000132530-ENSMUSG00000040483-ENSCAFG00000031602,0,0,0,0,2,2,1,5
926,ENSG00000113532-ENSMUSG00000040710-ENSCAFG00000007617,2,0,0,1,0,0,0,8
927,ENSG00000102125-ENSMUSG00000009995-ENSCAFG00000019568,2,0,0,0,2,3,1,12
928,ENSG00000004487-ENSMUSG00000036940-ENSCAFG00000013361,3,0,0,0,0,0,0,9
929,ENSG00000165338-ENSMUSG00000041180-ENSCAFG00000007266,2,0,0,0,2,0,1,9
930,ENSG00000198055-ENSMUSG00000074886-ENSCAFG00000016388,1,0,0,2,0,0,2,9
931,ENSG00000111305-ENSMUSG00000030206-ENSCAFG00000013186,2,1,1,0,3,2,1,16
932,ENSG00000159708-ENSMUSG00000054320-ENSCAFG00000020365,0,0,0,0,2,2,1,5
933,ENSG00000160781-ENSMUSG00000041423-ENSCAFG00000016844,0,0,0,3,5,0,1,12
934,ENSG00000187391-ENSMUSG00000040003-ENSCAFG00000004366,0,0,0,5,0,0,1,11
935,ENSG00000106113-ENSMUSG00000003476-ENSCAFG00000003097,1,0,1,0,2,2,0,9
936,ENSG00000172264-ENSMUSG00000068205-ENSCAFG00000030939,0,0,0,0,3,3,1,7
937,ENSG00000166482-ENSMUSG00000042436-ENSCAFG00000030269,1,0,0,0,1,1,0,5
938,ENSG00000004866-ENSMUSG00000029534-ENSCAFG00000003410,7,0,1,0,0,0,0,23
939,ENSG00000160183-ENSMUSG00000024034-ENSCAFG00000010372,2,0,1,0,1,0,0,9
940,ENSG00000163513-ENSMUSG00000032440-ENSCAFG00000005449,0,0,0,2,0,0,1,5
941,ENSG00000108604-ENSMUSG00000078619-ENSCAFG00000012708,1,0,1,0,1,1,0,7
942,ENSG00000159915-ENSMUSG00000074282-ENSCAFG00000029944,0,0,0,0,2,2,1,5
943,ENSG00000121753-ENSMUSG00000028782-ENSCAFG00000010872,3,0,0,0,2,1,0,12
944,ENSG00000167642-ENSMUSG00000074227-ENSCAFG00000005948,2,0,0,0,0,0,0,6
945,ENSG00000148180-ENSMUSG00000026879-ENSCAFG00000003663,0,0,0,3,3,0,1,10
946,ENSG00000160712-ENSMUSG00000027947-ENSCAFG00000017184,0,0,2,0,1,2,0,7
947,ENSG00000073711-ENSMUSG00000043154-ENSCAFG00000007061,2,0,1,0,0,0,0,8
948,ENSG00000125107-ENSMUSG00000036550-ENSCAFG00000008426,0,0,0,4,1,0,1,10
949,ENSG00000112715-ENSMUSG00000023951-ENSCAFG00000001938,4,0,3,0,2,0,0,20
950,ENSG00000185697-ENSMUSG00000025912-ENSCAFG00000007344,2,0,0,0,0,0,0,6
951,ENSG00000136404-ENSMUSG00000038623-ENSCAFG00000013196,4,0,0,0,0,0,0,12
952,ENSG00000176444-ENSMUSG00000068917-ENSCAFG00000016969,3,0,0,0,0,0,0,9
953,ENSG00000006837-ENSMUSG00000020389-ENSCAFG00000001010,2,0,1,0,0,8,2,18
954,ENSG00000185739-ENSMUSG00000022519-ENSCAFG00000019233,3,0,0,0,0,1,0,10
955,ENSG00000169744-ENSMUSG00000039706-ENSCAFG00000015135,6,0,0,0,0,0,0,18
956,ENSG00000135341-ENSMUSG00000028284-ENSCAFG00000003123,3,0,0,1,0,0,1,12
957,ENSG00000188981-ENSMUSG00000051246-ENSCAFG00000014681,0,0,0,3,0,0,1,7
958,ENSG00000156304-ENSMUSG00000022983-ENSCAFG00000008863,0,0,0,4,0,0,1,9
959,ENSG00000104413-ENSMUSG00000040728-ENSCAFG00000009305,1,0,0,5,0,0,0,13
960,ENSG00000101811-ENSMUSG00000031256-ENSCAFG00000017551,0,1,0,3,0,0,1,9
961,ENSG00000075945-ENSMUSG00000026585-ENSCAFG00000015067,1,0,0,0,4,1,1,9
962,ENSG00000124942-ENSMUSG00000069833-ENSCAFG00000032525,0,0,0,2,0,0,1,5
963,ENSG00000180881-ENSMUSG00000035694-ENSCAFG00000000481,0,0,1,0,2,2,1,7
964,ENSG00000088833-ENSMUSG00000027455-ENSCAFG00000006789,3,0,0,0,0,0,1,10
965,ENSG00000187824-ENSMUSG00000050270-ENSCAFG00000017596,0,0,0,3,0,1,1,8
966,ENSG00000147010-ENSMUSG00000040990-ENSCAFG00000013075,3,0,0,0,0,0,0,9
967,ENSG00000138777-ENSMUSG00000028013-ENSCAFG00000010887,0,0,0,0,4,2,1,7
968,ENSG00000034533-ENSMUSG00000032567-ENSCAFG00000006097,2,0,0,0,1,0,0,7
969,ENSG00000143437-ENSMUSG00000015522-ENSCAFG00000012149,2,0,0,3,0,0,0,12
970,ENSG00000101892-ENSMUSG00000016327-ENSCAFG00000018484,2,0,0,0,0,0,0,6
971,ENSG00000036549-ENSMUSG00000039068-ENSCAFG00000020376,0,0,1,1,0,3,0,7
972,ENSG00000145087-ENSMUSG00000022829-ENSCAFG00000011430,3,0,0,1,0,0,1,12
973,ENSG00000078304-ENSMUSG00000017843-ENSCAFG00000017948,2,0,1,0,2,0,0,10
974,ENSG00000127511-ENSMUSG00000031622-ENSCAFG00000015616,1,0,0,0,2,1,2,8
975,ENSG00000054796-ENSMUSG00000005883-ENSCAFG00000012031,0,0,0,2,0,1,2,7
976,ENSG00000066468-ENSMUSG00000030849-ENSCAFG00000012374,5,1,2,0,5,2,0,28
977,ENSG00000102524-ENSMUSG00000031497-ENSCAFG00000031735,0,0,1,0,1,2,1,6
978,ENSG00000108387-ENSMUSG00000020486-ENSCAFG00000017532,6,0,0,2,2,0,1,25
979,ENSG00000185010-ENSMUSG00000031196-ENSCAFG00000019631,2,0,0,0,1,0,0,7
980,ENSG00000197043-ENSMUSG00000018340-ENSCAFG00000017943,1,0,0,2,0,0,0,7
981,ENSG00000099899-ENSMUSG00000022721-ENSCAFG00000014190,0,0,0,0,4,3,1,8
982,ENSG00000130595-ENSMUSG00000061723-ENSCAFG00000010081,6,0,2,0,1,11,0,34
983,ENSG00000133627-ENSMUSG00000056367-ENSCAFG00000004971,2,0,0,1,0,0,1,9
984,ENSG00000145016-ENSMUSG00000035629-ENSCAFG00000012767,2,0,1,0,1,0,2,11
985,ENSG00000133884-ENSMUSG00000024826-ENSCAFG00000013654,2,0,0,0,0,0,0,6
